trial_id,trial_mode,algorithm,comm_model,comm_level,grid_size,grid_cells,robot_count,target_count,condition_id,scenario_file,target_locations,completed_target_count,all_targets_visited,final_target_completion_time_s,final_target_completion_sim_time_s,targets_found_by_robot,robot_start_locations,robot_end_locations,events_processed,stall_recoveries_total,sensitivity_suite,sensitivity_parameter,sensitivity_value,sensitivity_label,num_targets,num_robots
0,known_visit,PI,ideal,1.0,19,361,4,10,pi_h8_ideal,known_visit_10target_300.csv,"(9,10);(8,11);(2,1);(1,7);(17,13);(4,13);(0,11);(5,8);(0,13);(14,9)",10,True,42.20250417845132,42.20250417845132,00:4;01:4;02:2;03:0,"(0,0);(0,6);(0,12);(0,18)","(9,10);(17,13);(0,13);(0,17)",272,0,known_visit_horizon,commitment_horizon,8,h8,10,4
1,known_visit,PI,ideal,1.0,19,361,4,10,pi_h8_ideal,known_visit_10target_300.csv,"(16,15);(17,5);(14,13);(15,3);(13,7);(11,2);(15,16);(16,6);(9,14);(7,16)",10,True,72.45928198086061,72.45928198086061,00:3;01:7;02:0;03:0,"(0,0);(0,6);(0,12);(0,18)","(7,16);(15,3);(1,12);(1,18)",483,0,known_visit_horizon,commitment_horizon,8,h8,10,4
2,known_visit,PI,ideal,1.0,19,361,4,10,pi_h8_ideal,known_visit_10target_300.csv,"(0,4);(8,8);(13,2);(0,2);(12,18);(0,9);(16,12);(4,15);(14,2);(12,9)",10,True,64.35519165171713,64.35519165171713,00:6;01:3;02:1;03:0,"(0,0);(0,6);(0,12);(0,18)","(12,18);(14,2);(4,15);(0,18)",430,0,known_visit_horizon,commitment_horizon,8,h8,10,4
3,known_visit,PI,ideal,1.0,19,361,4,10,pi_h8_ideal,known_visit_10target_300.csv,"(15,11);(11,8);(11,16);(7,17);(10,5);(0,15);(0,13);(1,12);(3,14);(2,7)",10,True,41.26100489802243,41.26100489802243,00:0;01:4;02:2;03:4,"(0,0);(0,6);(0,12);(0,18)","(0,0);(15,11);(0,13);(11,16)",277,0,known_visit_horizon,commitment_horizon,8,h8,10,4
4,known_visit,PI,ideal,1.0,19,361,4,10,pi_h8_ideal,known_visit_10target_300.csv,"(13,1);(17,14);(8,0);(10,2);(16,10);(4,18);(0,17);(1,0);(12,16);(8,13)",10,True,66.54968156702616,66.54968156702616,00:4;01:0;02:6;03:0,"(0,0);(0,6);(0,12);(0,18)","(13,1);(1,6);(16,10);(0,18)",464,0,known_visit_horizon,commitment_horizon,8,h8,10,4
5,known_visit,PI,ideal,1.0,19,361,4,10,pi_h8_ideal,known_visit_10target_300.csv,"(1,9);(12,6);(16,8);(14,1);(3,5);(8,15);(1,6);(10,6);(16,3);(15,14)",10,True,60.50492469716787,60.50492469716787,00:6;01:1;02:1;03:2,"(0,0);(0,6);(0,12);(0,18)","(14,1);(4,6);(1,9);(15,14)",410,0,known_visit_horizon,commitment_horizon,8,h8,10,4
6,known_visit,PI,ideal,1.0,19,361,4,10,pi_h8_ideal,known_visit_10target_300.csv,"(4,12);(9,2);(4,2);(13,8);(16,13);(6,13);(18,2);(4,8);(0,15);(18,7)",10,True,66.77367535564775,66.77367535564775,00:6;01:1;02:2;03:1,"(0,0);(0,6);(0,12);(0,18)","(16,13);(4,8);(6,13);(0,15)",464,0,known_visit_horizon,commitment_horizon,8,h8,10,4
7,known_visit,PI,ideal,1.0,19,361,4,10,pi_h8_ideal,known_visit_10target_300.csv,"(7,3);(17,14);(1,9);(13,14);(10,5);(7,16);(18,15);(16,7);(2,12);(9,2)",10,True,102.1833277041521,102.1833277041521,00:0;01:1;02:9;03:0,"(0,0);(0,6);(0,12);(0,18)","(1,1);(1,9);(18,15);(7,17)",726,0,known_visit_horizon,commitment_horizon,8,h8,10,4
8,known_visit,PI,ideal,1.0,19,361,4,10,pi_h8_ideal,known_visit_10target_300.csv,"(4,16);(9,10);(12,8);(12,15);(11,6);(17,7);(0,5);(2,5);(1,5);(17,0)",10,True,60.15914633891612,60.15914633891612,00:5;01:0;02:0;03:5,"(0,0);(0,6);(0,12);(0,18)","(9,10);(0,6);(0,11);(17,0)",409,0,known_visit_horizon,commitment_horizon,8,h8,10,4
9,known_visit,PI,ideal,1.0,19,361,4,10,pi_h8_ideal,known_visit_10target_300.csv,"(12,16);(16,17);(2,7);(18,12);(17,1);(8,2);(9,18);(10,3);(1,4);(1,1)",10,True,86.4606603230482,86.4606603230482,00:2;01:1;02:0;03:7,"(0,0);(0,6);(0,12);(0,18)","(1,4);(2,7);(1,12);(8,2)",617,0,known_visit_horizon,commitment_horizon,8,h8,10,4
10,known_visit,PI,ideal,1.0,19,361,4,10,pi_h8_ideal,known_visit_10target_300.csv,"(4,2);(13,14);(11,18);(12,10);(5,14);(10,7);(4,14);(8,6);(16,5);(9,18)",10,True,48.04694299095888,48.04694299095888,00:1;01:3;02:6;03:0,"(0,0);(0,6);(0,12);(0,18)","(4,2);(16,5);(12,10);(2,18)",307,0,known_visit_horizon,commitment_horizon,8,h8,10,4
11,known_visit,PI,ideal,1.0,19,361,4,10,pi_h8_ideal,known_visit_10target_300.csv,"(0,16);(7,11);(14,15);(9,7);(5,12);(8,13);(18,17);(8,17);(13,9);(5,2)",10,True,60.487850188728935,60.487850188728935,00:3;01:0;02:0;03:7,"(0,0);(0,6);(0,12);(0,18)","(13,9);(0,6);(0,12);(18,17)",413,0,known_visit_horizon,commitment_horizon,8,h8,10,4
12,known_visit,PI,ideal,1.0,19,361,4,10,pi_h8_ideal,known_visit_10target_300.csv,"(16,8);(12,16);(3,3);(5,13);(18,15);(2,17);(2,9);(3,5);(12,6);(9,0)",10,True,80.42306811912493,80.42306811912493,00:6;01:0;02:3;03:1,"(0,0);(0,6);(0,12);(0,18)","(18,15);(2,7);(16,8);(2,17)",541,0,known_visit_horizon,commitment_horizon,8,h8,10,4
13,known_visit,PI,ideal,1.0,19,361,4,10,pi_h8_ideal,known_visit_10target_300.csv,"(7,7);(3,3);(18,5);(2,10);(12,4);(1,9);(11,11);(13,1);(14,2);(18,3)",10,True,54.58242665172636,54.58242665172636,00:5;01:2;02:3;03:0,"(0,0);(0,6);(0,12);(0,18)","(7,7);(2,10);(18,3);(1,18)",353,0,known_visit_horizon,commitment_horizon,8,h8,10,4
14,known_visit,PI,ideal,1.0,19,361,4,10,pi_h8_ideal,known_visit_10target_300.csv,"(18,5);(5,1);(11,15);(4,17);(10,14);(7,16);(10,18);(0,2);(14,0);(7,3)",10,True,97.80612327903478,97.80612327903478,00:8;01:0;02:0;03:2,"(0,0);(0,6);(0,12);(0,18)","(10,18);(0,4);(2,12);(7,16)",697,0,known_visit_horizon,commitment_horizon,8,h8,10,4
15,known_visit,PI,ideal,1.0,19,361,4,10,pi_h8_ideal,known_visit_10target_300.csv,"(5,17);(2,5);(9,16);(12,15);(5,3);(12,10);(9,2);(1,10);(3,3);(0,1)",10,True,33.39935688527104,33.39935688527104,00:1;01:4;02:1;03:4,"(0,0);(0,6);(0,12);(0,18)","(0,1);(9,2);(1,10);(12,10)",224,0,known_visit_horizon,commitment_horizon,8,h8,10,4
16,known_visit,PI,ideal,1.0,19,361,4,10,pi_h8_ideal,known_visit_10target_300.csv,"(9,16);(12,0);(5,5);(0,5);(7,3);(1,13);(13,5);(13,1);(9,18);(15,14)",10,True,70.13492843885516,70.13492843885516,00:5;01:4;02:1;03:0,"(0,0);(0,6);(0,12);(0,18)","(15,14);(12,0);(1,13);(1,18)",481,0,known_visit_horizon,commitment_horizon,8,h8,10,4
17,known_visit,PI,ideal,1.0,19,361,4,10,pi_h8_ideal,known_visit_10target_300.csv,"(10,11);(16,16);(14,2);(2,7);(17,1);(1,6);(18,1);(11,17);(4,8);(10,9)",10,True,62.17112550824159,62.17112550824159,00:4;01:1;02:5;03:0,"(0,0);(0,6);(0,12);(0,18)","(16,16);(2,6);(18,1);(0,18)",413,0,known_visit_horizon,commitment_horizon,8,h8,10,4
18,known_visit,PI,ideal,1.0,19,361,4,10,pi_h8_ideal,known_visit_10target_300.csv,"(16,11);(17,4);(13,1);(13,13);(14,12);(2,1);(4,16);(14,2);(12,10);(8,5)",10,True,73.26244502032607,73.26244502032607,00:1;01:8;02:0;03:1,"(0,0);(0,6);(0,12);(0,18)","(2,5);(13,1);(2,12);(4,16)",514,0,known_visit_horizon,commitment_horizon,8,h8,10,4
19,known_visit,PI,ideal,1.0,19,361,4,10,pi_h8_ideal,known_visit_10target_300.csv,"(2,7);(14,9);(15,12);(9,15);(11,4);(6,18);(10,5);(11,1);(8,18);(6,4)",10,True,65.51332032189428,65.51332032189428,00:1;01:1;02:0;03:8,"(0,0);(0,6);(0,12);(0,18)","(6,4);(2,7);(1,12);(11,1)",461,0,known_visit_horizon,commitment_horizon,8,h8,10,4
20,known_visit,PI,ideal,1.0,19,361,4,10,pi_h8_ideal,known_visit_10target_300.csv,"(7,4);(6,9);(8,14);(16,6);(4,3);(4,16);(1,12);(2,18);(14,4);(7,0)",10,True,50.70682175366898,50.70682175366898,00:5;01:1;02:2;03:2,"(0,0);(0,6);(0,12);(0,18)","(16,6);(6,9);(8,14);(4,14)",335,0,known_visit_horizon,commitment_horizon,8,h8,10,4
21,known_visit,PI,ideal,1.0,19,361,4,10,pi_h8_ideal,known_visit_10target_300.csv,"(16,12);(10,18);(2,11);(9,15);(16,13);(9,8);(12,17);(13,9);(10,10);(16,17)",10,True,63.48799319351629,63.48799319351629,00:5;01:4;02:1;03:0,"(0,0);(0,6);(0,12);(0,18)","(16,17);(16,13);(2,11);(2,18)",428,0,known_visit_horizon,commitment_horizon,8,h8,10,4
22,known_visit,PI,ideal,1.0,19,361,4,10,pi_h8_ideal,known_visit_10target_300.csv,"(16,6);(3,4);(5,15);(15,18);(7,0);(9,12);(3,2);(2,9);(5,1);(15,14)",10,True,46.130171641800594,46.130171641800594,00:5;01:1;02:1;03:3,"(0,0);(0,6);(0,12);(0,18)","(2,9);(16,6);(9,12);(15,14)",275,0,known_visit_horizon,commitment_horizon,8,h8,10,4
23,known_visit,PI,ideal,1.0,19,361,4,10,pi_h8_ideal,known_visit_10target_300.csv,"(12,7);(13,3);(10,6);(2,13);(11,9);(11,16);(16,7);(6,18);(14,9);(1,16)",10,True,86.63560855546086,86.63560855546086,00:6;01:0;02:3;03:1,"(0,0);(0,6);(0,12);(0,18)","(13,3);(2,6);(16,7);(6,18)",590,0,known_visit_horizon,commitment_horizon,8,h8,10,4
24,known_visit,PI,ideal,1.0,19,361,4,10,pi_h8_ideal,known_visit_10target_300.csv,"(4,17);(16,16);(11,3);(8,8);(10,10);(5,11);(13,17);(4,2);(1,0);(3,16)",10,True,69.47325251239943,69.47325251239943,00:7;01:0;02:1;03:2,"(0,0);(0,6);(0,12);(0,18)","(16,16);(0,6);(5,11);(3,16)",490,0,known_visit_horizon,commitment_horizon,8,h8,10,4
25,known_visit,PI,ideal,1.0,19,361,4,10,pi_h8_ideal,known_visit_10target_300.csv,"(4,5);(2,9);(6,4);(10,6);(2,6);(6,17);(4,12);(5,10);(6,18);(8,15)",10,True,44.10933361700841,44.10933361700841,00:5;01:2;02:0;03:3,"(0,0);(0,6);(0,12);(0,18)","(4,12);(10,6);(0,12);(8,15)",294,0,known_visit_horizon,commitment_horizon,8,h8,10,4
26,known_visit,PI,ideal,1.0,19,361,4,10,pi_h8_ideal,known_visit_10target_300.csv,"(5,11);(17,0);(17,10);(8,15);(7,11);(1,18);(5,1);(9,4);(3,12);(14,1)",10,True,69.71905489584111,69.71905489584111,00:2;01:0;02:7;03:1,"(0,0);(0,6);(0,12);(0,18)","(9,4);(5,14);(14,1);(1,18)",471,0,known_visit_horizon,commitment_horizon,8,h8,10,4
27,known_visit,PI,ideal,1.0,19,361,4,10,pi_h8_ideal,known_visit_10target_300.csv,"(1,7);(5,4);(3,12);(7,14);(5,13);(5,15);(8,16);(1,0);(1,1);(9,13)",10,True,33.82218492265772,33.82218492265772,00:6;01:1;02:0;03:3,"(0,0);(0,6);(0,12);(0,18)","(5,15);(5,4);(0,12);(9,13)",219,0,known_visit_horizon,commitment_horizon,8,h8,10,4
28,known_visit,PI,ideal,1.0,19,361,4,10,pi_h8_ideal,known_visit_10target_300.csv,"(16,8);(9,8);(14,12);(7,1);(5,11);(2,5);(17,14);(4,17);(5,2);(10,3)",10,True,72.38379564364905,72.38379564364905,00:2;01:6;02:1;03:1,"(0,0);(0,6);(0,12);(0,18)","(7,1);(17,14);(5,11);(4,17)",505,0,known_visit_horizon,commitment_horizon,8,h8,10,4
29,known_visit,PI,ideal,1.0,19,361,4,10,pi_h8_ideal,known_visit_10target_300.csv,"(8,0);(17,10);(9,18);(6,11);(11,8);(2,0);(15,5);(7,18);(7,14);(12,16)",10,True,62.11715170245159,62.11715170245159,00:7;01:3;02:0;03:0,"(0,0);(0,6);(0,12);(0,18)","(12,16);(17,10);(1,12);(1,18)",416,0,known_visit_horizon,commitment_horizon,8,h8,10,4
30,known_visit,PI,ideal,1.0,19,361,4,10,pi_h8_ideal,known_visit_10target_300.csv,"(13,2);(3,5);(4,3);(10,16);(12,17);(7,5);(4,8);(12,7);(14,18);(18,4)",10,True,55.250856515956755,55.250856515956755,00:5;01:2;02:0;03:3,"(0,0);(0,6);(0,12);(0,18)","(18,4);(4,8);(1,12);(14,18)",371,0,known_visit_horizon,commitment_horizon,8,h8,10,4
31,known_visit,PI,ideal,1.0,19,361,4,10,pi_h8_ideal,known_visit_10target_300.csv,"(14,2);(18,12);(15,10);(1,17);(4,2);(12,0);(9,7);(6,12);(3,3);(0,7)",10,True,53.91483874533701,53.91483874533701,00:4;01:4;02:1;03:1,"(0,0);(0,6);(0,12);(0,18)","(18,12);(12,0);(6,12);(1,17)",348,0,known_visit_horizon,commitment_horizon,8,h8,10,4
32,known_visit,PI,ideal,1.0,19,361,4,10,pi_h8_ideal,known_visit_10target_300.csv,"(12,3);(14,17);(3,14);(13,17);(10,17);(8,9);(2,3);(4,4);(11,7);(10,0)",10,True,66.25411182237394,66.25411182237394,00:7;01:2;02:0;03:1,"(0,0);(0,6);(0,12);(0,18)","(14,17);(4,4);(4,11);(3,14)",456,0,known_visit_horizon,commitment_horizon,8,h8,10,4
33,known_visit,PI,ideal,1.0,19,361,4,10,pi_h8_ideal,known_visit_10target_300.csv,"(3,1);(2,1);(11,5);(10,18);(1,7);(3,15);(11,8);(18,9);(8,15);(10,16)",10,True,55.83836949948335,55.83836949948335,00:6;01:4;02:0;03:0,"(0,0);(0,6);(0,12);(0,18)","(10,18);(18,9);(0,12);(1,18)",375,0,known_visit_horizon,commitment_horizon,8,h8,10,4
34,known_visit,PI,ideal,1.0,19,361,4,10,pi_h8_ideal,known_visit_10target_300.csv,"(15,17);(9,13);(9,17);(9,12);(7,17);(15,11);(2,10);(12,14);(16,4);(12,5)",10,True,73.24600171184494,73.24600171184494,00:6;01:2;02:0;03:2,"(0,0);(0,6);(0,12);(0,18)","(15,17);(16,4);(1,12);(9,17)",494,0,known_visit_horizon,commitment_horizon,8,h8,10,4
35,known_visit,PI,ideal,1.0,19,361,4,10,pi_h8_ideal,known_visit_10target_300.csv,"(4,10);(18,15);(18,7);(5,0);(14,3);(2,4);(7,7);(1,9);(3,9);(0,10)",10,True,80.04664967387589,80.04664967387589,00:1;01:1;02:1;03:7,"(0,0);(0,6);(0,12);(0,18)","(5,0);(2,4);(4,10);(18,15)",562,0,known_visit_horizon,commitment_horizon,8,h8,10,4
36,known_visit,PI,ideal,1.0,19,361,4,10,pi_h8_ideal,known_visit_10target_300.csv,"(10,2);(4,9);(16,16);(0,1);(3,1);(7,7);(8,4);(1,4);(16,15);(17,7)",10,True,58.76644620181324,58.76644620181324,00:6;01:1;02:0;03:3,"(0,0);(0,6);(0,12);(0,18)","(16,16);(1,4);(3,12);(10,2)",386,0,known_visit_horizon,commitment_horizon,8,h8,10,4
37,known_visit,PI,ideal,1.0,19,361,4,10,pi_h8_ideal,known_visit_10target_300.csv,"(15,9);(14,10);(17,14);(10,3);(0,8);(2,3);(0,13);(10,6);(6,1);(7,8)",10,True,50.14129518387629,50.14129518387629,00:4;01:1;02:4;03:1,"(0,0);(0,6);(0,12);(0,18)","(10,6);(0,8);(17,14);(0,13)",331,0,known_visit_horizon,commitment_horizon,8,h8,10,4
38,known_visit,PI,ideal,1.0,19,361,4,10,pi_h8_ideal,known_visit_10target_300.csv,"(16,4);(4,14);(18,1);(4,8);(18,10);(18,8);(3,8);(5,11);(18,2);(13,2)",10,True,63.44616209448004,63.44616209448004,00:6;01:0;02:1;03:3,"(0,0);(0,6);(0,12);(0,18)","(18,1);(0,6);(5,11);(18,8)",417,0,known_visit_horizon,commitment_horizon,8,h8,10,4
39,known_visit,PI,ideal,1.0,19,361,4,10,pi_h8_ideal,known_visit_10target_300.csv,"(5,15);(2,13);(17,12);(3,9);(6,9);(7,3);(1,13);(3,3);(10,13);(11,11)",10,True,43.03728474248509,43.03728474248509,00:4;01:0;02:6;03:0,"(0,0);(0,6);(0,12);(0,18)","(3,9);(1,7);(17,12);(2,17)",285,0,known_visit_horizon,commitment_horizon,8,h8,10,4
40,known_visit,PI,ideal,1.0,19,361,4,10,pi_h8_ideal,known_visit_10target_300.csv,"(1,1);(4,8);(2,9);(13,18);(4,4);(10,4);(0,17);(7,15);(4,10);(7,17)",10,True,53.77138517742352,53.77138517742352,00:6;01:2;02:1;03:1,"(0,0);(0,6);(0,12);(0,18)","(13,18);(10,4);(2,9);(0,17)",371,0,known_visit_horizon,commitment_horizon,8,h8,10,4
41,known_visit,PI,ideal,1.0,19,361,4,10,pi_h8_ideal,known_visit_10target_300.csv,"(7,2);(15,1);(6,2);(7,5);(1,6);(13,1);(9,10);(5,0);(13,2);(13,10)",10,True,58.09288481551926,58.09288481551926,00:0;01:3;02:7;03:0,"(0,0);(0,6);(0,12);(0,18)","(0,0);(13,10);(15,1);(1,18)",399,0,known_visit_horizon,commitment_horizon,8,h8,10,4
42,known_visit,PI,ideal,1.0,19,361,4,10,pi_h8_ideal,known_visit_10target_300.csv,"(2,15);(2,14);(17,7);(4,12);(6,13);(17,15);(9,18);(17,5);(9,11);(5,2)",10,True,68.57006968302157,68.57006968302157,00:4;01:0;02:6;03:0,"(0,0);(0,6);(0,12);(0,18)","(2,15);(6,8);(17,5);(1,18)",455,0,known_visit_horizon,commitment_horizon,8,h8,10,4
43,known_visit,PI,ideal,1.0,19,361,4,10,pi_h8_ideal,known_visit_10target_300.csv,"(0,10);(18,5);(2,7);(17,15);(10,4);(13,11);(4,5);(14,9);(2,3);(14,1)",10,True,52.756311064304626,52.756311064304626,00:5;01:1;02:3;03:1,"(0,0);(0,6);(0,12);(0,18)","(18,5);(1,10);(17,15);(0,10)",331,0,known_visit_horizon,commitment_horizon,8,h8,10,4
44,known_visit,PI,ideal,1.0,19,361,4,10,pi_h8_ideal,known_visit_10target_300.csv,"(15,0);(6,14);(6,12);(8,18);(9,5);(4,3);(10,13);(15,10);(0,7);(12,5)",10,True,53.12949435059765,53.12949435059765,00:1;01:1;02:5;03:3,"(0,0);(0,6);(0,12);(0,18)","(4,3);(2,10);(15,0);(15,10)",340,0,known_visit_horizon,commitment_horizon,8,h8,10,4
45,known_visit,PI,ideal,1.0,19,361,4,10,pi_h8_ideal,known_visit_10target_300.csv,"(8,17);(3,1);(16,5);(18,16);(18,3);(16,2);(7,5);(9,12);(5,10);(16,9)",10,True,61.55794084280028,61.55794084280028,00:4;01:2;02:0;03:4,"(0,0);(0,6);(0,12);(0,18)","(16,9);(9,12);(1,12);(16,2)",392,0,known_visit_horizon,commitment_horizon,8,h8,10,4
46,known_visit,PI,ideal,1.0,19,361,4,10,pi_h8_ideal,known_visit_10target_300.csv,"(16,14);(2,4);(16,2);(4,16);(5,13);(0,4);(6,15);(0,11);(6,17);(10,18)",10,True,71.50897707284913,71.50897707284913,00:0;01:2;02:1;03:7,"(0,0);(0,6);(0,12);(0,18)","(0,0);(2,4);(1,11);(16,2)",512,0,known_visit_horizon,commitment_horizon,8,h8,10,4
47,known_visit,PI,ideal,1.0,19,361,4,10,pi_h8_ideal,known_visit_10target_300.csv,"(9,11);(3,14);(9,13);(9,18);(15,8);(11,13);(5,17);(5,18);(9,5);(14,14)",10,True,59.79995359999199,59.79995359999199,00:6;01:0;02:2;03:2,"(0,0);(0,6);(0,12);(0,18)","(15,8);(1,6);(5,17);(9,18)",408,0,known_visit_horizon,commitment_horizon,8,h8,10,4
48,known_visit,PI,ideal,1.0,19,361,4,10,pi_h8_ideal,known_visit_10target_300.csv,"(11,16);(18,5);(5,0);(5,9);(12,8);(14,8);(0,1);(5,14);(0,4);(0,7)",10,True,56.60081423916467,56.60081423916467,00:4;01:1;02:5;03:0,"(0,0);(0,6);(0,12);(0,18)","(5,9);(5,0);(18,5);(1,18)",377,0,known_visit_horizon,commitment_horizon,8,h8,10,4
49,known_visit,PI,ideal,1.0,19,361,4,10,pi_h8_ideal,known_visit_10target_300.csv,"(7,16);(4,4);(6,10);(16,15);(0,8);(15,12);(15,1);(6,2);(1,14);(2,1)",10,True,66.80722059776838,66.80722059776838,00:6;01:1;02:3;03:0,"(0,0);(0,6);(0,12);(0,18)","(16,15);(0,9);(15,1);(1,18)",444,0,known_visit_horizon,commitment_horizon,8,h8,10,4
50,known_visit,PI,ideal,1.0,19,361,4,10,pi_h8_ideal,known_visit_10target_300.csv,"(15,1);(3,6);(10,3);(2,1);(3,8);(8,0);(4,12);(0,9);(7,4);(1,4)",10,True,46.4957935068252,46.4957935068252,00:1;01:2;02:6;03:1,"(0,0);(0,6);(0,12);(0,18)","(8,0);(2,1);(15,1);(4,12)",293,0,known_visit_horizon,commitment_horizon,8,h8,10,4
51,known_visit,PI,ideal,1.0,19,361,4,10,pi_h8_ideal,known_visit_10target_300.csv,"(15,17);(10,12);(2,10);(14,13);(7,10);(8,14);(13,13);(18,0);(11,15);(9,2)",10,True,113.68766344994013,113.68766344994013,00:8;01:2;02:0;03:0,"(0,0);(0,6);(0,12);(0,18)","(18,0);(7,10);(0,12);(3,14)",805,0,known_visit_horizon,commitment_horizon,8,h8,10,4
52,known_visit,PI,ideal,1.0,19,361,4,10,pi_h8_ideal,known_visit_10target_300.csv,"(9,18);(2,14);(6,16);(2,2);(11,11);(11,5);(17,7);(11,14);(5,16);(6,11)",10,True,100.00079328089156,100.00079328089156,00:7;01:3;02:0;03:0,"(0,0);(0,6);(0,12);(0,18)","(17,7);(9,18);(1,12);(1,18)",692,0,known_visit_horizon,commitment_horizon,8,h8,10,4
53,known_visit,PI,ideal,1.0,19,361,4,10,pi_h8_ideal,known_visit_10target_300.csv,"(2,13);(10,10);(10,16);(18,15);(7,6);(11,0);(16,17);(1,0);(18,4);(4,8)",10,True,59.40983613810608,59.40983613810608,00:3;01:6;02:1;03:0,"(0,0);(0,6);(0,12);(0,18)","(18,4);(18,15);(2,13);(2,18)",398,0,known_visit_horizon,commitment_horizon,8,h8,10,4
54,known_visit,PI,ideal,1.0,19,361,4,10,pi_h8_ideal,known_visit_10target_300.csv,"(15,13);(9,15);(18,6);(1,9);(15,1);(8,13);(3,7);(5,8);(1,11);(8,10)",10,True,76.99015188368232,76.99015188368232,00:4;01:0;02:5;03:1,"(0,0);(0,6);(0,12);(0,18)","(1,11);(0,6);(15,1);(9,15)",521,0,known_visit_horizon,commitment_horizon,8,h8,10,4
55,known_visit,PI,ideal,1.0,19,361,4,10,pi_h8_ideal,known_visit_10target_300.csv,"(8,10);(13,1);(8,4);(8,17);(9,3);(10,6);(15,7);(2,9);(10,1);(0,1)",10,True,41.88093447515415,41.88093447515415,00:5;01:0;02:4;03:1,"(0,0);(0,6);(0,12);(0,18)","(13,1);(1,6);(15,7);(8,17)",269,0,known_visit_horizon,commitment_horizon,8,h8,10,4
56,known_visit,PI,ideal,1.0,19,361,4,10,pi_h8_ideal,known_visit_10target_300.csv,"(2,13);(6,11);(16,3);(7,13);(7,16);(4,2);(6,18);(2,4);(11,9);(3,11)",10,True,79.11760926646475,79.11760926646475,00:7;01:1;02:2;03:0,"(0,0);(0,6);(0,12);(0,18)","(6,18);(2,4);(3,11);(3,18)",558,0,known_visit_horizon,commitment_horizon,8,h8,10,4
57,known_visit,PI,ideal,1.0,19,361,4,10,pi_h8_ideal,known_visit_10target_300.csv,"(0,1);(12,16);(13,12);(9,10);(9,12);(6,1);(14,2);(16,12);(2,4);(11,0)",10,True,84.34385003507376,84.34385003507376,00:1;01:7;02:2;03:0,"(0,0);(0,6);(0,12);(0,18)","(0,3);(12,16);(9,10);(1,18)",594,0,known_visit_horizon,commitment_horizon,8,h8,10,4
58,known_visit,PI,ideal,1.0,19,361,4,10,pi_h8_ideal,known_visit_10target_300.csv,"(17,0);(5,16);(15,16);(11,3);(2,17);(15,8);(16,2);(18,14);(12,17);(8,9)",10,True,63.54971883914787,63.54971883914787,00:0;01:5;02:4;03:1,"(0,0);(0,6);(0,12);(0,18)","(0,0);(17,0);(18,14);(2,17)",425,0,known_visit_horizon,commitment_horizon,8,h8,10,4
59,known_visit,PI,ideal,1.0,19,361,4,10,pi_h8_ideal,known_visit_10target_300.csv,"(5,5);(8,10);(7,13);(0,3);(12,1);(11,16);(14,12);(13,16);(3,17);(3,9)",10,True,35.96810518371392,35.96810518371392,00:3;01:0;02:3;03:4,"(0,0);(0,6);(0,12);(0,18)","(12,1);(0,4);(8,10);(14,12)",209,0,known_visit_horizon,commitment_horizon,8,h8,10,4
60,known_visit,PI,ideal,1.0,19,361,4,10,pi_h8_ideal,known_visit_10target_300.csv,"(13,17);(7,3);(11,18);(17,16);(1,8);(9,3);(10,10);(0,8);(10,18);(6,3)",10,True,63.10845342379352,63.10845342379352,00:8;01:0;02:2;03:0,"(0,0);(0,6);(0,12);(0,18)","(17,16);(0,6);(1,8);(0,18)",452,0,known_visit_horizon,commitment_horizon,8,h8,10,4
61,known_visit,PI,ideal,1.0,19,361,4,10,pi_h8_ideal,known_visit_10target_300.csv,"(2,14);(2,5);(1,1);(12,10);(2,12);(2,10);(3,5);(8,12);(13,9);(3,17)",10,True,26.36076451250332,26.36076451250332,00:3;01:2;02:4;03:1,"(0,0);(0,6);(0,12);(0,18)","(3,5);(2,14);(13,9);(3,17)",165,0,known_visit_horizon,commitment_horizon,8,h8,10,4
62,known_visit,PI,ideal,1.0,19,361,4,10,pi_h8_ideal,known_visit_10target_300.csv,"(1,2);(4,1);(2,1);(4,13);(18,6);(14,0);(3,14);(3,18);(9,15);(10,15)",10,True,57.247009699591686,57.247009699591686,00:7;01:2;02:0;03:1,"(0,0);(0,6);(0,12);(0,18)","(10,15);(14,0);(1,12);(3,18)",376,0,known_visit_horizon,commitment_horizon,8,h8,10,4
63,known_visit,PI,ideal,1.0,19,361,4,10,pi_h8_ideal,known_visit_10target_300.csv,"(16,5);(5,6);(10,2);(1,17);(13,13);(5,14);(8,11);(15,13);(6,8);(2,3)",10,True,62.61409475807132,62.61409475807132,00:6;01:0;02:0;03:4,"(0,0);(0,6);(0,12);(0,18)","(16,5);(1,6);(2,12);(10,2)",419,0,known_visit_horizon,commitment_horizon,8,h8,10,4
64,known_visit,PI,ideal,1.0,19,361,4,10,pi_h8_ideal,known_visit_10target_300.csv,"(18,3);(11,11);(7,15);(9,11);(6,2);(16,2);(5,11);(14,1);(13,2);(4,4)",10,True,53.15265925524023,53.15265925524023,00:4;01:0;02:5;03:1,"(0,0);(0,6);(0,12);(0,18)","(11,11);(1,6);(18,3);(7,15)",341,0,known_visit_horizon,commitment_horizon,8,h8,10,4
65,known_visit,PI,ideal,1.0,19,361,4,10,pi_h8_ideal,known_visit_10target_300.csv,"(16,0);(3,12);(13,11);(13,18);(6,11);(10,13);(16,8);(17,6);(3,2);(11,9)",10,True,54.502442116960616,54.502442116960616,00:4;01:0;02:6;03:0,"(0,0);(0,6);(0,12);(0,18)","(13,18);(1,6);(16,0);(1,18)",355,0,known_visit_horizon,commitment_horizon,8,h8,10,4
66,known_visit,PI,ideal,1.0,19,361,4,10,pi_h8_ideal,known_visit_10target_300.csv,"(18,1);(6,3);(14,9);(16,18);(16,0);(7,9);(9,9);(16,4);(6,0);(6,6)",10,True,52.61408468294499,52.61408468294499,00:0;01:5;02:4;03:1,"(0,0);(0,6);(0,12);(0,18)","(0,0);(6,0);(18,1);(16,18)",331,0,known_visit_horizon,commitment_horizon,8,h8,10,4
67,known_visit,PI,ideal,1.0,19,361,4,10,pi_h8_ideal,known_visit_10target_300.csv,"(18,9);(18,1);(4,16);(17,3);(12,5);(2,0);(10,5);(17,17);(6,18);(7,3)",10,True,75.16975578572887,75.16975578572887,00:1;01:7;02:2;03:0,"(0,0);(0,6);(0,12);(0,18)","(2,0);(17,17);(6,18);(2,18)",527,0,known_visit_horizon,commitment_horizon,8,h8,10,4
68,known_visit,PI,ideal,1.0,19,361,4,10,pi_h8_ideal,known_visit_10target_300.csv,"(4,0);(0,8);(0,10);(15,18);(13,0);(8,16);(7,6);(16,3);(1,5);(7,12)",10,True,31.711095586135823,31.711095586135823,00:3;01:3;02:2;03:2,"(0,0);(0,6);(0,12);(0,18)","(16,3);(7,12);(0,8);(15,18)",183,0,known_visit_horizon,commitment_horizon,8,h8,10,4
69,known_visit,PI,ideal,1.0,19,361,4,10,pi_h8_ideal,known_visit_10target_300.csv,"(1,3);(0,13);(7,9);(1,7);(10,3);(15,0);(12,5);(16,9);(2,9);(17,12)",10,True,57.261597670853426,57.261597670853426,00:3;01:1;02:6;03:0,"(0,0);(0,6);(0,12);(0,18)","(17,12);(1,7);(15,0);(0,17)",379,0,known_visit_horizon,commitment_horizon,8,h8,10,4
70,known_visit,PI,ideal,1.0,19,361,4,10,pi_h8_ideal,known_visit_10target_300.csv,"(18,7);(1,8);(1,15);(5,17);(17,8);(0,5);(2,16);(4,2);(15,2);(10,14)",10,True,63.16790247797303,63.16790247797303,00:4;01:1;02:0;03:5,"(0,0);(0,6);(0,12);(0,18)","(2,16);(1,8);(0,11);(15,2)",423,0,known_visit_horizon,commitment_horizon,8,h8,10,4
71,known_visit,PI,ideal,1.0,19,361,4,10,pi_h8_ideal,known_visit_10target_300.csv,"(15,15);(7,8);(5,4);(4,10);(0,4);(8,3);(2,6);(11,8);(16,13);(12,6)",10,True,51.104413610592026,51.104413610592026,00:3;01:6;02:1;03:0,"(0,0);(0,6);(0,12);(0,18)","(8,3);(15,15);(4,10);(2,18)",347,0,known_visit_horizon,commitment_horizon,8,h8,10,4
72,known_visit,PI,ideal,1.0,19,361,4,10,pi_h8_ideal,known_visit_10target_300.csv,"(9,6);(0,5);(18,7);(2,10);(7,11);(1,18);(5,1);(11,3);(6,16);(11,0)",10,True,57.89076522453303,57.89076522453303,00:0;01:5;02:0;03:5,"(0,0);(0,6);(0,12);(0,18)","(1,0);(18,7);(2,12);(11,3)",378,0,known_visit_horizon,commitment_horizon,8,h8,10,4
73,known_visit,PI,ideal,1.0,19,361,4,10,pi_h8_ideal,known_visit_10target_300.csv,"(13,10);(2,2);(0,2);(11,3);(8,11);(3,8);(18,14);(6,11);(16,3);(1,16)",10,True,59.91610934644347,59.91610934644347,00:6;01:3;02:0;03:1,"(0,0);(0,6);(0,12);(0,18)","(16,3);(18,14);(1,13);(1,16)",396,0,known_visit_horizon,commitment_horizon,8,h8,10,4
74,known_visit,PI,ideal,1.0,19,361,4,10,pi_h8_ideal,known_visit_10target_300.csv,"(9,11);(2,8);(6,17);(12,9);(6,2);(15,6);(2,12);(3,17);(1,10);(7,14)",10,True,52.335811813691656,52.335811813691656,00:4;01:1;02:5;03:0,"(0,0);(0,6);(0,12);(0,18)","(15,6);(2,9);(7,14);(2,18)",346,0,known_visit_horizon,commitment_horizon,8,h8,10,4
75,known_visit,PI,ideal,1.0,19,361,4,10,pi_h8_ideal,known_visit_10target_300.csv,"(11,1);(4,10);(2,11);(5,0);(6,11);(14,8);(18,11);(10,5);(2,10);(0,8)",10,True,64.0141777339583,64.0141777339583,00:5;01:3;02:2;03:0,"(0,0);(0,6);(0,12);(0,18)","(18,11);(11,1);(2,10);(2,18)",433,0,known_visit_horizon,commitment_horizon,8,h8,10,4
76,known_visit,PI,ideal,1.0,19,361,4,10,pi_h8_ideal,known_visit_10target_300.csv,"(16,12);(9,2);(0,5);(18,2);(10,7);(1,3);(3,15);(9,16);(14,18);(3,4)",10,True,62.117969324193446,62.117969324193446,00:5;01:1;02:0;03:4,"(0,0);(0,6);(0,12);(0,18)","(18,2);(3,5);(1,12);(16,12)",413,0,known_visit_horizon,commitment_horizon,8,h8,10,4
77,known_visit,PI,ideal,1.0,19,361,4,10,pi_h8_ideal,known_visit_10target_300.csv,"(3,12);(16,10);(0,5);(8,11);(14,11);(14,4);(14,6);(7,12);(5,9);(4,14)",10,True,51.25265871090482,51.25265871090482,00:6;01:2;02:2;03:0,"(0,0);(0,6);(0,12);(0,18)","(16,10);(14,4);(4,14);(3,18)",343,0,known_visit_horizon,commitment_horizon,8,h8,10,4
78,known_visit,PI,ideal,1.0,19,361,4,10,pi_h8_ideal,known_visit_10target_300.csv,"(16,3);(12,9);(11,12);(3,17);(6,17);(7,2);(3,13);(10,5);(0,8);(1,0)",10,True,92.05524495105117,92.05524495105117,00:9;01:1;02:0;03:0,"(0,0);(0,6);(0,12);(0,18)","(6,17);(0,8);(0,12);(1,18)",665,0,known_visit_horizon,commitment_horizon,8,h8,10,4
79,known_visit,PI,ideal,1.0,19,361,4,10,pi_h8_ideal,known_visit_10target_300.csv,"(4,12);(15,16);(11,12);(4,0);(17,5);(2,8);(2,3);(2,17);(4,8);(16,14)",10,True,59.76277180169163,59.76277180169163,00:4;01:3;02:2;03:1,"(0,0);(0,6);(0,12);(0,18)","(15,16);(4,8);(11,12);(2,17)",395,0,known_visit_horizon,commitment_horizon,8,h8,10,4
80,known_visit,PI,ideal,1.0,19,361,4,10,pi_h8_ideal,known_visit_10target_300.csv,"(10,16);(4,4);(10,11);(16,12);(10,2);(9,18);(10,13);(6,6);(15,14);(0,11)",10,True,56.136857242340604,56.136857242340604,00:5;01:0;02:1;03:4,"(0,0);(0,6);(0,12);(0,18)","(10,13);(0,7);(0,11);(16,12)",380,0,known_visit_horizon,commitment_horizon,8,h8,10,4
81,known_visit,PI,ideal,1.0,19,361,4,10,pi_h8_ideal,known_visit_10target_300.csv,"(12,7);(3,17);(12,0);(5,3);(7,7);(4,18);(2,1);(1,0);(0,7);(15,10)",10,True,100.50306836099836,100.50306836099836,00:8;01:2;02:0;03:0,"(0,0);(0,6);(0,12);(0,18)","(3,17);(7,7);(0,10);(1,18)",715,0,known_visit_horizon,commitment_horizon,8,h8,10,4
82,known_visit,PI,ideal,1.0,19,361,4,10,pi_h8_ideal,known_visit_10target_300.csv,"(6,14);(15,15);(14,10);(2,12);(15,2);(17,6);(12,9);(14,7);(6,18);(6,5)",10,True,90.67113368818038,90.67113368818038,00:2;01:7;02:1;03:0,"(0,0);(0,6);(0,12);(0,18)","(17,6);(6,18);(2,12);(1,18)",630,0,known_visit_horizon,commitment_horizon,8,h8,10,4
83,known_visit,PI,ideal,1.0,19,361,4,10,pi_h8_ideal,known_visit_10target_300.csv,"(3,16);(6,2);(0,1);(18,1);(3,7);(6,8);(10,14);(5,9);(4,3);(8,14)",10,True,52.959676717447444,52.959676717447444,00:1;01:4;02:4;03:1,"(0,0);(0,6);(0,12);(0,18)","(1,3);(10,14);(18,1);(3,16)",350,0,known_visit_horizon,commitment_horizon,8,h8,10,4
84,known_visit,PI,ideal,1.0,19,361,4,10,pi_h8_ideal,known_visit_10target_300.csv,"(15,6);(8,4);(16,1);(5,11);(17,7);(13,7);(3,14);(12,3);(11,15);(4,14)",10,True,62.636847862502506,62.636847862502506,00:5;01:1;02:1;03:3,"(0,0);(0,6);(0,12);(0,18)","(17,7);(8,4);(5,11);(11,15)",413,0,known_visit_horizon,commitment_horizon,8,h8,10,4
85,known_visit,PI,ideal,1.0,19,361,4,10,pi_h8_ideal,known_visit_10target_300.csv,"(1,17);(13,5);(9,14);(16,2);(3,11);(4,17);(15,14);(18,10);(11,7);(18,7)",10,True,49.347560658515675,49.347560658515675,00:0;01:3;02:1;03:6,"(0,0);(0,6);(0,12);(0,18)","(4,0);(16,2);(3,11);(18,7)",321,0,known_visit_horizon,commitment_horizon,8,h8,10,4
86,known_visit,PI,ideal,1.0,19,361,4,10,pi_h8_ideal,known_visit_10target_300.csv,"(1,12);(2,10);(8,15);(1,17);(14,3);(5,4);(7,3);(18,18);(5,3);(7,10)",10,True,40.29159293555957,40.29159293555957,00:3;01:1;02:3;03:3,"(0,0);(0,6);(0,12);(0,18)","(14,3);(5,4);(7,10);(18,18)",253,0,known_visit_horizon,commitment_horizon,8,h8,10,4
87,known_visit,PI,ideal,1.0,19,361,4,10,pi_h8_ideal,known_visit_10target_300.csv,"(17,10);(1,16);(14,12);(15,3);(4,15);(4,18);(3,8);(12,9);(3,17);(17,12)",10,True,68.22371031908995,68.22371031908995,00:5;01:4;02:1;03:0,"(0,0);(0,6);(0,12);(0,18)","(15,3);(4,18);(1,16);(1,18)",466,0,known_visit_horizon,commitment_horizon,8,h8,10,4
88,known_visit,PI,ideal,1.0,19,361,4,10,pi_h8_ideal,known_visit_10target_300.csv,"(5,11);(17,5);(0,13);(6,13);(17,18);(12,13);(12,8);(8,13);(13,17);(12,1)",10,True,79.48907639196801,79.48907639196801,00:5;01:4;02:1;03:0,"(0,0);(0,6);(0,12);(0,18)","(17,5);(17,18);(0,13);(0,17)",536,0,known_visit_horizon,commitment_horizon,8,h8,10,4
89,known_visit,PI,ideal,1.0,19,361,4,10,pi_h8_ideal,known_visit_10target_300.csv,"(2,12);(3,8);(17,3);(9,13);(8,1);(17,16);(16,5);(14,0);(12,9);(16,12)",10,True,93.91697262711627,93.91697262711627,00:1;01:8;02:1;03:0,"(0,0);(0,6);(0,12);(0,18)","(8,1);(17,16);(2,12);(1,18)",668,0,known_visit_horizon,commitment_horizon,8,h8,10,4
90,known_visit,PI,ideal,1.0,19,361,4,10,pi_h8_ideal,known_visit_10target_300.csv,"(12,10);(6,0);(6,14);(16,1);(13,18);(4,2);(4,18);(14,10);(4,0);(15,9)",10,True,61.77736785886155,61.77736785886155,00:2;01:5;02:1;03:2,"(0,0);(0,6);(0,12);(0,18)","(4,2);(12,10);(6,14);(13,18)",416,0,known_visit_horizon,commitment_horizon,8,h8,10,4
91,known_visit,PI,ideal,1.0,19,361,4,10,pi_h8_ideal,known_visit_10target_300.csv,"(3,1);(3,3);(16,16);(2,0);(7,7);(7,17);(18,7);(4,6);(16,3);(11,15)",10,True,52.82229889180747,52.82229889180747,00:7;01:0;02:3;03:0,"(0,0);(0,6);(0,12);(0,18)","(16,3);(2,6);(16,16);(3,18)",347,0,known_visit_horizon,commitment_horizon,8,h8,10,4
92,known_visit,PI,ideal,1.0,19,361,4,10,pi_h8_ideal,known_visit_10target_300.csv,"(16,7);(3,5);(16,2);(15,11);(10,12);(0,9);(8,10);(11,4);(8,11);(11,17)",10,True,61.63016752593647,61.63016752593647,00:5;01:0;02:5;03:0,"(0,0);(0,6);(0,12);(0,18)","(11,17);(0,7);(15,11);(0,18)",410,0,known_visit_horizon,commitment_horizon,8,h8,10,4
93,known_visit,PI,ideal,1.0,19,361,4,10,pi_h8_ideal,known_visit_10target_300.csv,"(13,18);(15,11);(0,4);(4,12);(5,14);(11,8);(10,3);(12,5);(1,5);(2,12)",10,True,63.047470525512004,63.047470525512004,00:4;01:1;02:0;03:5,"(0,0);(0,6);(0,12);(0,18)","(5,14);(1,5);(0,12);(10,3)",432,0,known_visit_horizon,commitment_horizon,8,h8,10,4
94,known_visit,PI,ideal,1.0,19,361,4,10,pi_h8_ideal,known_visit_10target_300.csv,"(9,9);(11,10);(11,11);(7,13);(18,5);(6,5);(17,11);(10,5);(18,15);(7,1)",10,True,55.87320251108703,55.87320251108703,00:6;01:3;02:1;03:0,"(0,0);(0,6);(0,12);(0,18)","(18,15);(18,5);(7,13);(7,18)",360,0,known_visit_horizon,commitment_horizon,8,h8,10,4
95,known_visit,PI,ideal,1.0,19,361,4,10,pi_h8_ideal,known_visit_10target_300.csv,"(10,10);(18,0);(7,6);(4,17);(6,2);(1,5);(17,9);(11,1);(6,17);(8,18)",10,True,98.65797006910984,98.65797006910984,00:6;01:0;02:4;03:0,"(0,0);(0,6);(0,12);(0,18)","(4,17);(1,6);(6,2);(1,18)",672,0,known_visit_horizon,commitment_horizon,8,h8,10,4
96,known_visit,PI,ideal,1.0,19,361,4,10,pi_h8_ideal,known_visit_10target_300.csv,"(13,4);(7,6);(11,16);(2,8);(12,16);(7,2);(18,13);(14,7);(11,9);(3,11)",10,True,63.26824237763589,63.26824237763589,00:5;01:4;02:1;03:0,"(0,0);(0,6);(0,12);(0,18)","(18,13);(14,7);(3,11);(3,18)",422,0,known_visit_horizon,commitment_horizon,8,h8,10,4
97,known_visit,PI,ideal,1.0,19,361,4,10,pi_h8_ideal,known_visit_10target_300.csv,"(9,12);(9,1);(3,17);(18,18);(1,14);(2,18);(12,17);(17,14);(13,11);(15,15)",10,True,44.16826788931215,44.16826788931215,00:3;01:0;02:1;03:6,"(0,0);(0,6);(0,12);(0,18)","(13,11);(2,6);(1,14);(18,18)",282,0,known_visit_horizon,commitment_horizon,8,h8,10,4
98,known_visit,PI,ideal,1.0,19,361,4,10,pi_h8_ideal,known_visit_10target_300.csv,"(7,12);(6,13);(18,6);(18,12);(16,5);(3,9);(5,7);(3,1);(4,1);(8,1)",10,True,50.59657883467923,50.59657883467923,00:6;01:2;02:2;03:0,"(0,0);(0,6);(0,12);(0,18)","(18,12);(3,9);(6,13);(5,18)",339,0,known_visit_horizon,commitment_horizon,8,h8,10,4
99,known_visit,PI,ideal,1.0,19,361,4,10,pi_h8_ideal,known_visit_10target_300.csv,"(8,4);(10,9);(2,0);(17,7);(15,17);(4,0);(15,3);(14,1);(12,11);(10,18)",10,True,62.254965310952684,62.254965310952684,00:2;01:3;02:0;03:5,"(0,0);(0,6);(0,12);(0,18)","(4,0);(12,11);(0,12);(14,1)",420,0,known_visit_horizon,commitment_horizon,8,h8,10,4
100,known_visit,PI,ideal,1.0,19,361,4,10,pi_h8_ideal,known_visit_10target_300.csv,"(1,6);(10,16);(15,10);(3,15);(7,12);(4,5);(4,9);(15,2);(9,16);(6,2)",10,True,41.421610878632414,41.421610878632414,00:1;01:5;02:3;03:1,"(0,0);(0,6);(0,12);(0,18)","(6,2);(10,16);(15,2);(3,15)",254,0,known_visit_horizon,commitment_horizon,8,h8,10,4
101,known_visit,PI,ideal,1.0,19,361,4,10,pi_h8_ideal,known_visit_10target_300.csv,"(13,8);(15,8);(11,14);(8,12);(16,8);(18,6);(15,0);(4,14);(4,1);(3,5)",10,True,67.27734168777324,67.27734168777324,00:1;01:1;02:1;03:7,"(0,0);(0,6);(0,12);(0,18)","(4,1);(3,5);(8,12);(15,0)",467,0,known_visit_horizon,commitment_horizon,8,h8,10,4
102,known_visit,PI,ideal,1.0,19,361,4,10,pi_h8_ideal,known_visit_10target_300.csv,"(0,10);(4,2);(13,5);(5,14);(8,9);(2,5);(9,5);(16,6);(6,18);(4,8)",10,True,36.811320752778464,36.811320752778464,00:4;01:3;02:1;03:2,"(0,0);(0,6);(0,12);(0,18)","(16,6);(8,9);(0,10);(5,14)",234,0,known_visit_horizon,commitment_horizon,8,h8,10,4
103,known_visit,PI,ideal,1.0,19,361,4,10,pi_h8_ideal,known_visit_10target_300.csv,"(9,8);(1,14);(8,10);(18,6);(2,13);(7,9);(10,6);(4,1);(6,8);(0,15)",10,True,54.529189901572614,54.529189901572614,00:7;01:0;02:3;03:0,"(0,0);(0,6);(0,12);(0,18)","(18,6);(1,6);(0,15);(0,17)",388,0,known_visit_horizon,commitment_horizon,8,h8,10,4
104,known_visit,PI,ideal,1.0,19,361,4,10,pi_h8_ideal,known_visit_10target_300.csv,"(0,2);(5,0);(10,12);(9,13);(17,11);(6,1);(4,11);(8,13);(18,11);(4,3)",10,True,41.99081091625677,41.99081091625677,00:4;01:4;02:2;03:0,"(0,0);(0,6);(0,12);(0,18)","(9,13);(18,11);(5,0);(1,18)",249,0,known_visit_horizon,commitment_horizon,8,h8,10,4
105,known_visit,PI,ideal,1.0,19,361,4,10,pi_h8_ideal,known_visit_10target_300.csv,"(6,2);(4,2);(11,6);(13,2);(3,4);(4,11);(15,5);(18,11);(12,16);(2,2)",10,True,79.43891374478838,79.43891374478838,00:3;01:6;02:1;03:0,"(0,0);(0,6);(0,12);(0,18)","(6,2);(12,16);(4,11);(3,18)",555,0,known_visit_horizon,commitment_horizon,8,h8,10,4
106,known_visit,PI,ideal,1.0,19,361,4,10,pi_h8_ideal,known_visit_10target_300.csv,"(11,11);(4,15);(13,10);(2,1);(17,4);(15,6);(6,13);(18,5);(9,3);(11,7)",10,True,65.05779327358378,65.05779327358378,00:2;01:0;02:0;03:8,"(0,0);(0,6);(0,12);(0,18)","(9,3);(1,6);(1,12);(17,4)",456,0,known_visit_horizon,commitment_horizon,8,h8,10,4
107,known_visit,PI,ideal,1.0,19,361,4,10,pi_h8_ideal,known_visit_10target_300.csv,"(11,9);(13,8);(15,11);(17,2);(3,15);(15,7);(11,16);(14,14);(9,5);(1,8)",10,True,69.92969050508282,69.92969050508282,00:2;01:1;02:0;03:7,"(0,0);(0,6);(0,12);(0,18)","(17,2);(1,8);(3,12);(14,14)",472,0,known_visit_horizon,commitment_horizon,8,h8,10,4
108,known_visit,PI,ideal,1.0,19,361,4,10,pi_h8_ideal,known_visit_10target_300.csv,"(1,12);(0,14);(8,16);(11,12);(11,14);(4,17);(2,7);(8,7);(6,6);(9,0)",10,True,40.03097334585976,40.03097334585976,00:1;01:3;02:6;03:0,"(0,0);(0,6);(0,12);(0,18)","(9,0);(8,7);(11,12);(2,18)",266,0,known_visit_horizon,commitment_horizon,8,h8,10,4
109,known_visit,PI,ideal,1.0,19,361,4,10,pi_h8_ideal,known_visit_10target_300.csv,"(4,3);(13,16);(13,2);(13,4);(5,11);(15,6);(17,5);(14,7);(17,17);(4,0)",10,True,80.94163594678353,80.94163594678353,00:9;01:0;02:1;03:0,"(0,0);(0,6);(0,12);(0,18)","(17,17);(0,6);(5,11);(5,18)",577,0,known_visit_horizon,commitment_horizon,8,h8,10,4
110,known_visit,PI,ideal,1.0,19,361,4,10,pi_h8_ideal,known_visit_10target_300.csv,"(11,14);(0,14);(12,11);(7,1);(6,3);(8,10);(10,17);(8,7);(4,3);(7,15)",10,True,60.52308923210737,60.52308923210737,00:0;01:8;02:2;03:0,"(0,0);(0,6);(0,12);(0,18)","(0,0);(10,17);(7,15);(0,17)",428,0,known_visit_horizon,commitment_horizon,8,h8,10,4
111,known_visit,PI,ideal,1.0,19,361,4,10,pi_h8_ideal,known_visit_10target_300.csv,"(14,9);(5,6);(7,18);(16,14);(18,17);(13,7);(1,6);(10,6);(15,1);(2,14)",10,True,87.71133485399533,87.71133485399533,00:7;01:1;02:1;03:1,"(0,0);(0,6);(0,12);(0,18)","(18,17);(1,6);(2,14);(7,18)",624,0,known_visit_horizon,commitment_horizon,8,h8,10,4
112,known_visit,PI,ideal,1.0,19,361,4,10,pi_h8_ideal,known_visit_10target_300.csv,"(7,8);(7,18);(17,8);(7,6);(3,10);(1,17);(1,13);(15,7);(16,15);(12,4)",10,True,99.89218231004999,99.89218231004999,00:0;01:8;02:1;03:1,"(0,0);(0,6);(0,12);(0,18)","(3,4);(12,4);(3,10);(7,18)",700,0,known_visit_horizon,commitment_horizon,8,h8,10,4
113,known_visit,PI,ideal,1.0,19,361,4,10,pi_h8_ideal,known_visit_10target_300.csv,"(14,3);(8,0);(1,15);(14,13);(17,8);(18,9);(17,15);(5,17);(13,0);(10,3)",10,True,56.82285169868028,56.82285169868028,00:6;01:0;02:1;03:3,"(0,0);(0,6);(0,12);(0,18)","(18,9);(3,7);(1,15);(14,13)",373,0,known_visit_horizon,commitment_horizon,8,h8,10,4
114,known_visit,PI,ideal,1.0,19,361,4,10,pi_h8_ideal,known_visit_10target_300.csv,"(14,10);(4,4);(15,4);(17,13);(2,2);(13,3);(11,5);(10,13);(9,15);(18,18)",10,True,65.10731567613264,65.10731567613264,00:4;01:6;02:0;03:0,"(0,0);(0,6);(0,12);(0,18)","(9,15);(18,18);(4,12);(0,18)",435,0,known_visit_horizon,commitment_horizon,8,h8,10,4
115,known_visit,PI,ideal,1.0,19,361,4,10,pi_h8_ideal,known_visit_10target_300.csv,"(15,5);(8,6);(11,3);(7,6);(8,10);(11,9);(10,16);(1,16);(2,17);(11,13)",10,True,83.5023581778354,83.5023581778354,00:8;01:0;02:1;03:1,"(0,0);(0,6);(0,12);(0,18)","(10,16);(4,6);(1,16);(2,17)",593,0,known_visit_horizon,commitment_horizon,8,h8,10,4
116,known_visit,PI,ideal,1.0,19,361,4,10,pi_h8_ideal,known_visit_10target_300.csv,"(18,2);(14,16);(14,0);(6,14);(4,16);(14,9);(6,13);(8,12);(8,8);(7,0)",10,True,62.12192260543316,62.12192260543316,00:1;01:3;02:5;03:1,"(0,0);(0,6);(0,12);(0,18)","(7,0);(14,16);(18,2);(4,16)",404,0,known_visit_horizon,commitment_horizon,8,h8,10,4
117,known_visit,PI,ideal,1.0,19,361,4,10,pi_h8_ideal,known_visit_10target_300.csv,"(18,5);(2,15);(14,17);(8,4);(18,17);(9,13);(2,13);(16,14);(10,8);(3,2)",10,True,67.37294103566532,67.37294103566532,00:1;01:0;02:6;03:3,"(0,0);(0,6);(0,12);(0,18)","(3,2);(3,6);(18,5);(16,14)",451,0,known_visit_horizon,commitment_horizon,8,h8,10,4
118,known_visit,PI,ideal,1.0,19,361,4,10,pi_h8_ideal,known_visit_10target_300.csv,"(1,7);(14,3);(8,16);(17,10);(3,5);(12,8);(18,7);(8,10);(12,1);(12,5)",10,True,85.01662481571971,85.01662481571971,00:0;01:2;02:0;03:8,"(0,0);(0,6);(0,12);(0,18)","(2,0);(3,5);(1,12);(12,1)",608,0,known_visit_horizon,commitment_horizon,8,h8,10,4
119,known_visit,PI,ideal,1.0,19,361,4,10,pi_h8_ideal,known_visit_10target_300.csv,"(1,1);(11,8);(15,6);(6,9);(18,11);(4,18);(17,17);(16,17);(3,6);(2,7)",10,True,66.92773542391433,66.92773542391433,00:1;01:8;02:0;03:1,"(0,0);(0,6);(0,12);(0,18)","(1,1);(16,17);(2,12);(4,18)",478,0,known_visit_horizon,commitment_horizon,8,h8,10,4
120,known_visit,PI,ideal,1.0,19,361,4,10,pi_h8_ideal,known_visit_10target_300.csv,"(7,9);(5,18);(8,4);(6,8);(9,0);(13,9);(11,15);(13,14);(11,1);(2,17)",10,True,61.861517824027906,61.861517824027906,00:2;01:1;02:7;03:0,"(0,0);(0,6);(0,12);(0,18)","(11,1);(8,4);(6,8);(1,18)",421,0,known_visit_horizon,commitment_horizon,8,h8,10,4
121,known_visit,PI,ideal,1.0,19,361,4,10,pi_h8_ideal,known_visit_10target_300.csv,"(2,4);(11,9);(12,0);(7,13);(1,17);(13,1);(13,0);(11,6);(5,1);(7,0)",10,True,54.99002104151276,54.99002104151276,00:2;01:1;02:0;03:7,"(0,0);(0,6);(0,12);(0,18)","(7,0);(2,4);(1,12);(13,1)",382,0,known_visit_horizon,commitment_horizon,8,h8,10,4
122,known_visit,PI,ideal,1.0,19,361,4,10,pi_h8_ideal,known_visit_10target_300.csv,"(3,6);(14,17);(17,8);(16,1);(13,1);(7,9);(1,18);(9,11);(13,3);(16,5)",10,True,69.54432329695956,69.54432329695956,00:0;01:3;02:0;03:7,"(0,0);(0,6);(0,12);(0,18)","(0,0);(9,11);(1,12);(16,1)",485,0,known_visit_horizon,commitment_horizon,8,h8,10,4
123,known_visit,PI,ideal,1.0,19,361,4,10,pi_h8_ideal,known_visit_10target_300.csv,"(4,12);(15,11);(16,3);(14,9);(9,8);(15,4);(12,17);(18,8);(2,11);(7,10)",10,True,79.7078152875547,79.7078152875547,00:5;01:0;02:5;03:0,"(0,0);(0,6);(0,12);(0,18)","(18,8);(2,7);(16,3);(1,18)",544,0,known_visit_horizon,commitment_horizon,8,h8,10,4
124,known_visit,PI,ideal,1.0,19,361,4,10,pi_h8_ideal,known_visit_10target_300.csv,"(5,0);(2,11);(4,7);(10,14);(9,14);(13,18);(11,12);(3,1);(7,15);(6,3)",10,True,52.90255527995961,52.90255527995961,00:3;01:6;02:1;03:0,"(0,0);(0,6);(0,12);(0,18)","(6,3);(13,18);(2,9);(5,18)",358,0,known_visit_horizon,commitment_horizon,8,h8,10,4
125,known_visit,PI,ideal,1.0,19,361,4,10,pi_h8_ideal,known_visit_10target_300.csv,"(2,11);(11,10);(12,4);(2,0);(12,13);(14,3);(17,16);(18,17);(0,14);(0,4)",10,True,78.23753818748483,78.23753818748483,00:7;01:1;02:1;03:1,"(0,0);(0,6);(0,12);(0,18)","(18,17);(0,4);(2,11);(0,14)",560,0,known_visit_horizon,commitment_horizon,8,h8,10,4
126,known_visit,PI,ideal,1.0,19,361,4,10,pi_h8_ideal,known_visit_10target_300.csv,"(3,2);(18,8);(9,6);(15,4);(14,6);(12,0);(11,4);(12,18);(5,15);(11,11)",10,True,70.7686104856121,70.7686104856121,00:6;01:3;02:0;03:1,"(0,0);(0,6);(0,12);(0,18)","(18,8);(12,18);(5,14);(5,15)",469,0,known_visit_horizon,commitment_horizon,8,h8,10,4
127,known_visit,PI,ideal,1.0,19,361,4,10,pi_h8_ideal,known_visit_10target_300.csv,"(5,16);(16,2);(16,16);(1,17);(9,12);(1,4);(13,16);(7,16);(2,1);(17,6)",10,True,57.59544436553704,57.59544436553704,00:2;01:0;02:1;03:7,"(0,0);(0,6);(0,12);(0,18)","(1,7);(0,6);(9,12);(16,2)",393,0,known_visit_horizon,commitment_horizon,8,h8,10,4
128,known_visit,PI,ideal,1.0,19,361,4,10,pi_h8_ideal,known_visit_10target_300.csv,"(5,9);(4,10);(14,0);(0,17);(0,1);(10,13);(8,2);(14,9);(18,7);(5,18)",10,True,66.9233046997204,66.9233046997204,00:5;01:3;02:1;03:1,"(0,0);(0,6);(0,12);(0,18)","(18,7);(10,13);(0,17);(5,18)",448,0,known_visit_horizon,commitment_horizon,8,h8,10,4
129,known_visit,PI,ideal,1.0,19,361,4,10,pi_h8_ideal,known_visit_10target_300.csv,"(2,4);(9,12);(8,6);(15,13);(13,9);(8,4);(0,11);(3,9);(7,7);(8,13)",10,True,37.39943115773285,37.39943115773285,00:1;01:3;02:2;03:4,"(0,0);(0,6);(0,12);(0,18)","(2,4);(15,13);(8,13);(8,4)",221,0,known_visit_horizon,commitment_horizon,8,h8,10,4
130,known_visit,PI,ideal,1.0,19,361,4,10,pi_h8_ideal,known_visit_10target_300.csv,"(13,10);(8,0);(9,8);(8,14);(16,7);(18,14);(15,12);(18,0);(9,14);(10,15)",10,True,78.75914653198636,78.75914653198636,00:2;01:0;02:8;03:0,"(0,0);(0,6);(0,12);(0,18)","(9,8);(1,6);(18,0);(10,17)",535,0,known_visit_horizon,commitment_horizon,8,h8,10,4
131,known_visit,PI,ideal,1.0,19,361,4,10,pi_h8_ideal,known_visit_10target_300.csv,"(0,15);(3,7);(13,18);(1,1);(8,12);(14,10);(5,3);(18,10);(8,9);(9,13)",10,True,65.47177320846453,65.47177320846453,00:2;01:7;02:0;03:1,"(0,0);(0,6);(0,12);(0,18)","(5,3);(18,10);(2,12);(0,15)",461,0,known_visit_horizon,commitment_horizon,8,h8,10,4
132,known_visit,PI,ideal,1.0,19,361,4,10,pi_h8_ideal,known_visit_10target_300.csv,"(8,1);(11,0);(8,7);(18,0);(18,6);(10,18);(15,15);(17,7);(13,18);(12,5)",10,True,58.504194136677484,58.504194136677484,00:6;01:1;02:0;03:3,"(0,0);(0,6);(0,12);(0,18)","(18,0);(8,7);(2,12);(15,15)",388,0,known_visit_horizon,commitment_horizon,8,h8,10,4
133,known_visit,PI,ideal,1.0,19,361,4,10,pi_h8_ideal,known_visit_10target_300.csv,"(7,14);(1,14);(5,9);(9,10);(16,6);(12,5);(3,3);(7,15);(18,8);(12,6)",10,True,45.04705095496879,45.04705095496879,00:5;01:4;02:0;03:1,"(0,0);(0,6);(0,12);(0,18)","(7,15);(18,8);(1,12);(1,14)",291,0,known_visit_horizon,commitment_horizon,8,h8,10,4
134,known_visit,PI,ideal,1.0,19,361,4,10,pi_h8_ideal,known_visit_10target_300.csv,"(18,15);(7,18);(9,14);(10,18);(11,9);(8,4);(3,4);(0,9);(5,0);(17,15)",10,True,63.360410430362116,63.360410430362116,00:6;01:1;02:1;03:2,"(0,0);(0,6);(0,12);(0,18)","(18,15);(3,4);(0,9);(10,18)",437,0,known_visit_horizon,commitment_horizon,8,h8,10,4
135,known_visit,PI,ideal,1.0,19,361,4,10,pi_h8_ideal,known_visit_10target_300.csv,"(8,1);(7,15);(4,4);(7,9);(16,9);(18,7);(0,17);(0,8);(15,8);(9,13)",10,True,47.667335986189876,47.667335986189876,00:4;01:1;02:4;03:1,"(0,0);(0,6);(0,12);(0,18)","(9,13);(4,4);(18,7);(0,17)",308,0,known_visit_horizon,commitment_horizon,8,h8,10,4
136,known_visit,PI,ideal,1.0,19,361,4,10,pi_h8_ideal,known_visit_10target_300.csv,"(18,10);(6,16);(13,11);(12,4);(1,0);(16,3);(9,15);(4,1);(1,12);(8,3)",10,True,35.96522511999049,35.96522511999049,00:5;01:0;02:3;03:2,"(0,0);(0,6);(0,12);(0,18)","(16,3);(1,6);(18,10);(9,15)",221,0,known_visit_horizon,commitment_horizon,8,h8,10,4
137,known_visit,PI,ideal,1.0,19,361,4,10,pi_h8_ideal,known_visit_10target_300.csv,"(5,9);(5,0);(1,13);(2,18);(1,18);(0,7);(12,16);(2,5);(17,1);(18,14)",10,True,50.78520061673099,50.78520061673099,00:2;01:2;02:3;03:3,"(0,0);(0,6);(0,12);(0,18)","(17,1);(0,7);(18,14);(1,13)",329,0,known_visit_horizon,commitment_horizon,8,h8,10,4
138,known_visit,PI,ideal,1.0,19,361,4,10,pi_h8_ideal,known_visit_10target_300.csv,"(10,11);(11,7);(14,4);(8,14);(11,4);(14,1);(17,17);(7,17);(5,4);(14,15)",10,True,59.59471994251934,59.59471994251934,00:4;01:1;02:5;03:0,"(0,0);(0,6);(0,12);(0,18)","(17,17);(5,4);(14,1);(2,18)",378,0,known_visit_horizon,commitment_horizon,8,h8,10,4
139,known_visit,PI,ideal,1.0,19,361,4,10,pi_h8_ideal,known_visit_10target_300.csv,"(0,3);(14,13);(3,17);(15,14);(8,16);(8,10);(15,11);(5,7);(9,8);(14,7)",10,True,76.70123905306924,76.70123905306924,00:1;01:8;02:0;03:1,"(0,0);(0,6);(0,12);(0,18)","(0,4);(14,7);(5,10);(3,17)",537,0,known_visit_horizon,commitment_horizon,8,h8,10,4
140,known_visit,PI,ideal,1.0,19,361,4,10,pi_h8_ideal,known_visit_10target_300.csv,"(7,0);(12,11);(12,7);(1,7);(12,14);(6,14);(1,15);(12,8);(6,9);(3,5)",10,True,42.30421920521814,42.30421920521814,00:5;01:4;02:1;03:0,"(0,0);(0,6);(0,12);(0,18)","(12,14);(6,14);(1,15);(1,18)",279,0,known_visit_horizon,commitment_horizon,8,h8,10,4
141,known_visit,PI,ideal,1.0,19,361,4,10,pi_h8_ideal,known_visit_10target_300.csv,"(14,11);(16,3);(4,0);(17,13);(4,4);(18,17);(6,15);(8,10);(15,9);(12,12)",10,True,59.21545708042142,59.21545708042142,00:5;01:0;02:0;03:5,"(0,0);(0,6);(0,12);(0,18)","(18,17);(1,6);(3,12);(16,3)",384,0,known_visit_horizon,commitment_horizon,8,h8,10,4
142,known_visit,PI,ideal,1.0,19,361,4,10,pi_h8_ideal,known_visit_10target_300.csv,"(0,1);(5,15);(3,11);(5,17);(13,16);(4,6);(9,0);(16,9);(7,14);(6,4)",10,True,62.170005330951355,62.170005330951355,00:6;01:4;02:0;03:0,"(0,0);(0,6);(0,12);(0,18)","(5,17);(16,9);(1,12);(1,18)",407,0,known_visit_horizon,commitment_horizon,8,h8,10,4
143,known_visit,PI,ideal,1.0,19,361,4,10,pi_h8_ideal,known_visit_10target_300.csv,"(10,18);(5,5);(3,17);(12,9);(1,17);(10,13);(10,0);(15,6);(10,15);(11,6)",10,True,61.91499502441116,61.91499502441116,00:1;01:1;02:0;03:8,"(0,0);(0,6);(0,12);(0,18)","(10,0);(5,5);(1,12);(15,6)",433,0,known_visit_horizon,commitment_horizon,8,h8,10,4
144,known_visit,PI,ideal,1.0,19,361,4,10,pi_h8_ideal,known_visit_10target_300.csv,"(9,7);(0,5);(8,11);(2,2);(11,15);(4,12);(9,6);(5,12);(16,13);(14,2)",10,True,79.36861530675266,79.36861530675266,00:1;01:1;02:8;03:0,"(0,0);(0,6);(0,12);(0,18)","(2,2);(0,5);(14,2);(1,18)",568,0,known_visit_horizon,commitment_horizon,8,h8,10,4
145,known_visit,PI,ideal,1.0,19,361,4,10,pi_h8_ideal,known_visit_10target_300.csv,"(2,5);(9,4);(18,11);(15,1);(11,11);(4,17);(14,10);(8,7);(17,6);(16,11)",10,True,60.94528557261116,60.94528557261116,00:4;01:1;02:0;03:5,"(0,0);(0,6);(0,12);(0,18)","(18,11);(2,5);(1,12);(15,1)",399,0,known_visit_horizon,commitment_horizon,8,h8,10,4
146,known_visit,PI,ideal,1.0,19,361,4,10,pi_h8_ideal,known_visit_10target_300.csv,"(13,9);(11,16);(17,8);(9,2);(7,8);(16,0);(8,13);(6,0);(16,6);(9,5)",10,True,55.746153806376356,55.746153806376356,00:5;01:0;02:0;03:5,"(0,0);(0,6);(0,12);(0,18)","(13,9);(0,6);(0,12);(9,2)",367,0,known_visit_horizon,commitment_horizon,8,h8,10,4
147,known_visit,PI,ideal,1.0,19,361,4,10,pi_h8_ideal,known_visit_10target_300.csv,"(15,10);(9,10);(16,11);(5,17);(0,17);(6,18);(11,10);(18,18);(1,1);(16,15)",10,True,61.083515903504555,61.083515903504555,00:7;01:2;02:0;03:1,"(0,0);(0,6);(0,12);(0,18)","(18,18);(6,18);(1,12);(0,17)",417,0,known_visit_horizon,commitment_horizon,8,h8,10,4
148,known_visit,PI,ideal,1.0,19,361,4,10,pi_h8_ideal,known_visit_10target_300.csv,"(13,12);(12,9);(9,15);(8,3);(6,15);(11,7);(17,8);(13,0);(15,10);(17,12)",10,True,75.69589032059734,75.69589032059734,00:0;01:0;02:6;03:4,"(0,0);(0,6);(0,12);(0,18)","(2,0);(1,6);(15,10);(13,0)",511,0,known_visit_horizon,commitment_horizon,8,h8,10,4
149,known_visit,PI,ideal,1.0,19,361,4,10,pi_h8_ideal,known_visit_10target_300.csv,"(4,14);(13,3);(3,1);(4,2);(7,15);(8,9);(15,9);(3,0);(17,1);(3,5)",10,True,40.98058536583708,40.98058536583708,00:3;01:3;02:1;03:3,"(0,0);(0,6);(0,12);(0,18)","(4,2);(17,1);(4,14);(15,9)",259,0,known_visit_horizon,commitment_horizon,8,h8,10,4
150,known_visit,PI,ideal,1.0,19,361,4,10,pi_h8_ideal,known_visit_10target_300.csv,"(0,3);(5,18);(13,14);(16,12);(4,1);(11,8);(13,0);(13,10);(8,3);(5,17)",10,True,82.01317842339613,82.01317842339613,00:7;01:1;02:0;03:2,"(0,0);(0,6);(0,12);(0,18)","(16,12);(3,3);(3,12);(5,17)",583,0,known_visit_horizon,commitment_horizon,8,h8,10,4
151,known_visit,PI,ideal,1.0,19,361,4,10,pi_h8_ideal,known_visit_10target_300.csv,"(9,7);(1,11);(5,18);(16,3);(3,16);(0,4);(18,10);(6,8);(17,13);(12,1)",10,True,66.96772643417718,66.96772643417718,00:0;01:1;02:3;03:6,"(0,0);(0,6);(0,12);(0,18)","(0,1);(0,4);(18,10);(16,3)",454,0,known_visit_horizon,commitment_horizon,8,h8,10,4
152,known_visit,PI,ideal,1.0,19,361,4,10,pi_h8_ideal,known_visit_10target_300.csv,"(8,4);(8,3);(12,3);(2,13);(8,17);(5,1);(3,14);(4,1);(2,15);(15,18)",10,True,77.77972659415701,77.77972659415701,00:7;01:0;02:2;03:1,"(0,0);(0,6);(0,12);(0,18)","(15,18);(3,6);(3,14);(2,15)",550,0,known_visit_horizon,commitment_horizon,8,h8,10,4
153,known_visit,PI,ideal,1.0,19,361,4,10,pi_h8_ideal,known_visit_10target_300.csv,"(3,17);(10,10);(17,4);(7,9);(17,15);(5,2);(4,2);(4,15);(14,4);(4,7)",10,True,75.32160060909824,75.32160060909824,00:7;01:1;02:0;03:2,"(0,0);(0,6);(0,12);(0,18)","(17,15);(4,7);(1,12);(4,15)",530,0,known_visit_horizon,commitment_horizon,8,h8,10,4
154,known_visit,PI,ideal,1.0,19,361,4,10,pi_h8_ideal,known_visit_10target_300.csv,"(9,5);(2,7);(17,8);(17,6);(1,7);(1,14);(8,12);(4,4);(4,12);(0,15)",10,True,39.398192777721746,39.398192777721746,00:0;01:4;02:2;03:4,"(0,0);(0,6);(0,12);(0,18)","(0,0);(17,8);(8,12);(2,7)",262,0,known_visit_horizon,commitment_horizon,8,h8,10,4
155,known_visit,PI,ideal,1.0,19,361,4,10,pi_h8_ideal,known_visit_10target_300.csv,"(3,4);(1,1);(3,17);(17,15);(15,4);(8,17);(18,13);(18,0);(11,8);(18,1)",10,True,59.79718057315896,59.79718057315896,00:5;01:1;02:0;03:4,"(0,0);(0,6);(0,12);(0,18)","(11,8);(3,4);(3,12);(18,13)",396,0,known_visit_horizon,commitment_horizon,8,h8,10,4
156,known_visit,PI,ideal,1.0,19,361,4,10,pi_h8_ideal,known_visit_10target_300.csv,"(4,5);(11,17);(8,12);(11,16);(10,6);(9,12);(4,14);(6,4);(1,9);(15,17)",10,True,44.84976369446821,44.84976369446821,00:5;01:5;02:0;03:0,"(0,0);(0,6);(0,12);(0,18)","(8,12);(15,17);(1,12);(1,18)",294,0,known_visit_horizon,commitment_horizon,8,h8,10,4
157,known_visit,PI,ideal,1.0,19,361,4,10,pi_h8_ideal,known_visit_10target_300.csv,"(13,3);(18,12);(2,15);(11,1);(15,14);(5,2);(2,14);(6,9);(2,0);(3,2)",10,True,51.2950275500857,51.2950275500857,00:3;01:0;02:4;03:3,"(0,0);(0,6);(0,12);(0,18)","(5,2);(1,6);(11,1);(18,12)",333,0,known_visit_horizon,commitment_horizon,8,h8,10,4
158,known_visit,PI,ideal,1.0,19,361,4,10,pi_h8_ideal,known_visit_10target_300.csv,"(16,2);(11,11);(10,16);(11,9);(9,15);(6,12);(2,9);(5,10);(18,13);(16,9)",10,True,53.799228629679796,53.799228629679796,00:4;01:0;02:4;03:2,"(0,0);(0,6);(0,12);(0,18)","(11,11);(1,6);(16,2);(9,15)",338,0,known_visit_horizon,commitment_horizon,8,h8,10,4
159,known_visit,PI,ideal,1.0,19,361,4,10,pi_h8_ideal,known_visit_10target_300.csv,"(5,17);(4,3);(13,3);(12,8);(12,0);(18,4);(8,3);(10,0);(3,9);(10,16)",10,True,44.24639734103208,44.24639734103208,00:5;01:3;02:0;03:2,"(0,0);(0,6);(0,12);(0,18)","(4,3);(18,4);(1,12);(10,16)",272,0,known_visit_horizon,commitment_horizon,8,h8,10,4
160,known_visit,PI,ideal,1.0,19,361,4,10,pi_h8_ideal,known_visit_10target_300.csv,"(4,5);(4,1);(4,11);(10,17);(13,1);(9,8);(11,10);(8,1);(6,16);(11,4)",10,True,77.93476919854832,77.93476919854832,00:6;01:4;02:0;03:0,"(0,0);(0,6);(0,12);(0,18)","(10,17);(8,1);(0,12);(0,18)",539,0,known_visit_horizon,commitment_horizon,8,h8,10,4
161,known_visit,PI,ideal,1.0,19,361,4,10,pi_h8_ideal,known_visit_10target_300.csv,"(14,9);(2,2);(2,11);(9,1);(18,11);(12,9);(8,16);(16,16);(18,6);(6,18)",10,True,51.17487562568071,51.17487562568071,00:2;01:0;02:5;03:3,"(0,0);(0,6);(0,12);(0,18)","(9,1);(2,5);(18,6);(16,16)",334,0,known_visit_horizon,commitment_horizon,8,h8,10,4
162,known_visit,PI,ideal,1.0,19,361,4,10,pi_h8_ideal,known_visit_10target_300.csv,"(8,8);(6,15);(7,12);(4,11);(17,4);(16,0);(4,7);(3,5);(10,10);(14,1)",10,True,56.009408446668616,56.009408446668616,00:0;01:5;02:5;03:0,"(0,0);(0,6);(0,12);(0,18)","(0,0);(6,15);(14,1);(1,18)",380,0,known_visit_horizon,commitment_horizon,8,h8,10,4
163,known_visit,PI,ideal,1.0,19,361,4,10,pi_h8_ideal,known_visit_10target_300.csv,"(14,9);(12,2);(7,3);(14,0);(10,9);(11,0);(15,4);(18,10);(14,16);(15,18)",10,True,46.27896992770679,46.27896992770679,00:5;01:3;02:2;03:0,"(0,0);(0,6);(0,12);(0,18)","(15,4);(18,10);(15,18);(1,18)",277,0,known_visit_horizon,commitment_horizon,8,h8,10,4
164,known_visit,PI,ideal,1.0,19,361,4,10,pi_h8_ideal,known_visit_10target_300.csv,"(14,17);(7,0);(15,8);(8,12);(1,15);(17,18);(9,13);(18,12);(4,2);(8,1)",10,True,95.48959986091533,95.48959986091533,00:9;01:0;02:0;03:1,"(0,0);(0,6);(0,12);(0,18)","(15,8);(2,10);(1,14);(1,15)",679,0,known_visit_horizon,commitment_horizon,8,h8,10,4
165,known_visit,PI,ideal,1.0,19,361,4,10,pi_h8_ideal,known_visit_10target_300.csv,"(11,14);(17,10);(3,7);(15,0);(11,17);(1,14);(12,2);(4,2);(1,9);(14,9)",10,True,80.72328111981717,80.72328111981717,00:0;01:1;02:7;03:2,"(0,0);(0,6);(0,12);(0,18)","(1,3);(1,9);(17,10);(11,14)",558,0,known_visit_horizon,commitment_horizon,8,h8,10,4
166,known_visit,PI,ideal,1.0,19,361,4,10,pi_h8_ideal,known_visit_10target_300.csv,"(13,2);(16,12);(17,0);(3,4);(1,14);(0,17);(15,7);(0,1);(1,0);(4,10)",10,True,70.80254626768362,70.80254626768362,00:2;01:1;02:5;03:2,"(0,0);(0,6);(0,12);(0,18)","(0,1);(3,4);(17,0);(1,14)",501,0,known_visit_horizon,commitment_horizon,8,h8,10,4
167,known_visit,PI,ideal,1.0,19,361,4,10,pi_h8_ideal,known_visit_10target_300.csv,"(3,9);(5,4);(17,14);(18,18);(0,4);(7,4);(14,4);(6,4);(7,17);(10,18)",10,True,60.81622259368021,60.81622259368021,00:7;01:0;02:1;03:2,"(0,0);(0,6);(0,12);(0,18)","(18,18);(3,8);(3,9);(10,18)",407,0,known_visit_horizon,commitment_horizon,8,h8,10,4
168,known_visit,PI,ideal,1.0,19,361,4,10,pi_h8_ideal,known_visit_10target_300.csv,"(12,6);(18,16);(18,8);(13,0);(3,13);(0,17);(9,18);(15,10);(4,1);(3,6)",10,True,81.73674731531067,81.73674731531067,00:6;01:1;02:1;03:2,"(0,0);(0,6);(0,12);(0,18)","(18,16);(3,6);(3,13);(9,18)",574,0,known_visit_horizon,commitment_horizon,8,h8,10,4
169,known_visit,PI,ideal,1.0,19,361,4,10,pi_h8_ideal,known_visit_10target_300.csv,"(11,6);(5,17);(13,7);(18,8);(12,4);(9,6);(11,9);(3,6);(8,4);(8,11)",10,True,57.991671665756755,57.991671665756755,00:5;01:4;02:0;03:1,"(0,0);(0,6);(0,12);(0,18)","(18,8);(12,4);(1,12);(5,17)",396,0,known_visit_horizon,commitment_horizon,8,h8,10,4
170,known_visit,PI,ideal,1.0,19,361,4,10,pi_h8_ideal,known_visit_10target_300.csv,"(12,12);(17,9);(7,15);(14,3);(9,10);(7,0);(8,4);(16,15);(3,0);(13,18)",10,True,77.55464816190405,77.55464816190405,00:2;01:2;02:6;03:0,"(0,0);(0,6);(0,12);(0,18)","(7,0);(14,3);(13,18);(0,18)",534,0,known_visit_horizon,commitment_horizon,8,h8,10,4
171,known_visit,PI,ideal,1.0,19,361,4,10,pi_h8_ideal,known_visit_10target_300.csv,"(11,10);(13,4);(1,4);(10,0);(13,0);(15,8);(17,13);(2,0);(1,1);(6,1)",10,True,80.2235780041247,80.2235780041247,00:4;01:0;02:6;03:0,"(0,0);(0,6);(0,12);(0,18)","(13,4);(1,6);(17,13);(2,18)",557,0,known_visit_horizon,commitment_horizon,8,h8,10,4
172,known_visit,PI,ideal,1.0,19,361,4,10,pi_h8_ideal,known_visit_10target_300.csv,"(1,3);(11,15);(12,16);(0,4);(3,4);(6,18);(6,10);(14,0);(7,11);(16,11)",10,True,64.09913832398816,64.09913832398816,00:1;01:8;02:0;03:1,"(0,0);(0,6);(0,12);(0,18)","(14,0);(16,11);(3,12);(6,18)",437,0,known_visit_horizon,commitment_horizon,8,h8,10,4
173,known_visit,PI,ideal,1.0,19,361,4,10,pi_h8_ideal,known_visit_10target_300.csv,"(8,15);(13,18);(1,9);(14,6);(14,3);(17,9);(17,13);(16,5);(10,14);(16,10)",10,True,77.28087201638684,77.28087201638684,00:0;01:5;02:5;03:0,"(0,0);(0,6);(0,12);(0,18)","(0,0);(8,15);(14,3);(1,18)",515,0,known_visit_horizon,commitment_horizon,8,h8,10,4
174,known_visit,PI,ideal,1.0,19,361,4,10,pi_h8_ideal,known_visit_10target_300.csv,"(0,2);(10,3);(1,11);(7,15);(17,17);(10,9);(12,2);(13,11);(16,11);(13,6)",10,True,57.765463055282,57.765463055282,00:1;01:0;02:5;03:4,"(0,0);(0,6);(0,12);(0,18)","(0,2);(0,5);(13,6);(13,11)",384,0,known_visit_horizon,commitment_horizon,8,h8,10,4
175,known_visit,PI,ideal,1.0,19,361,4,10,pi_h8_ideal,known_visit_10target_300.csv,"(16,12);(7,10);(3,6);(14,10);(10,6);(10,17);(2,13);(15,10);(15,15);(17,1)",10,True,60.39960999746211,60.39960999746211,00:2;01:7;02:1;03:0,"(0,0);(0,6);(0,12);(0,18)","(17,1);(10,17);(2,13);(2,18)",400,0,known_visit_horizon,commitment_horizon,8,h8,10,4
176,known_visit,PI,ideal,1.0,19,361,4,10,pi_h8_ideal,known_visit_10target_300.csv,"(17,6);(10,7);(6,14);(2,10);(14,14);(12,0);(8,16);(12,16);(17,12);(9,6)",10,True,73.98292550812907,73.98292550812907,00:6;01:0;02:0;03:4,"(0,0);(0,6);(0,12);(0,18)","(17,6);(1,6);(0,12);(12,0)",494,0,known_visit_horizon,commitment_horizon,8,h8,10,4
177,known_visit,PI,ideal,1.0,19,361,4,10,pi_h8_ideal,known_visit_10target_300.csv,"(10,7);(2,1);(11,16);(14,8);(12,10);(0,17);(17,2);(10,14);(6,1);(17,3)",10,True,75.46562749649776,75.46562749649776,00:2;01:0;02:0;03:8,"(0,0);(0,6);(0,12);(0,18)","(6,1);(3,6);(4,14);(17,2)",533,0,known_visit_horizon,commitment_horizon,8,h8,10,4
178,known_visit,PI,ideal,1.0,19,361,4,10,pi_h8_ideal,known_visit_10target_300.csv,"(12,10);(14,0);(8,11);(13,10);(14,11);(16,2);(10,12);(8,16);(11,12);(7,4)",10,True,59.935504539317066,59.935504539317066,00:6;01:0;02:4;03:0,"(0,0);(0,6);(0,12);(0,18)","(13,10);(0,6);(14,0);(0,18)",398,0,known_visit_horizon,commitment_horizon,8,h8,10,4
179,known_visit,PI,ideal,1.0,19,361,4,10,pi_h8_ideal,known_visit_10target_300.csv,"(11,4);(5,9);(17,12);(3,11);(6,4);(1,16);(14,7);(13,13);(1,3);(0,10)",10,True,70.88845239608872,70.88845239608872,00:1;01:0;02:8;03:1,"(0,0);(0,6);(0,12);(0,18)","(1,3);(1,6);(17,12);(1,16)",512,0,known_visit_horizon,commitment_horizon,8,h8,10,4
180,known_visit,PI,ideal,1.0,19,361,4,10,pi_h8_ideal,known_visit_10target_300.csv,"(7,9);(17,3);(1,17);(14,9);(17,12);(2,17);(2,14);(9,1);(6,5);(0,7)",10,True,66.79934728133918,66.79934728133918,00:1;01:6;02:1;03:2,"(0,0);(0,6);(0,12);(0,18)","(9,1);(17,3);(2,14);(2,17)",468,0,known_visit_horizon,commitment_horizon,8,h8,10,4
181,known_visit,PI,ideal,1.0,19,361,4,10,pi_h8_ideal,known_visit_10target_300.csv,"(15,4);(16,15);(16,8);(1,8);(6,10);(4,17);(3,1);(18,7);(0,15);(13,11)",10,True,51.375018990935665,51.375018990935665,00:4;01:2;02:4;03:0,"(0,0);(0,6);(0,12);(0,18)","(18,7);(6,10);(13,11);(0,17)",325,0,known_visit_horizon,commitment_horizon,8,h8,10,4
182,known_visit,PI,ideal,1.0,19,361,4,10,pi_h8_ideal,known_visit_10target_300.csv,"(18,0);(11,18);(3,11);(6,7);(4,10);(12,5);(8,9);(12,3);(11,3);(0,3)",10,True,64.4296188897895,64.4296188897895,00:2;01:1;02:2;03:5,"(0,0);(0,6);(0,12);(0,18)","(8,9);(0,3);(4,10);(18,0)",427,0,known_visit_horizon,commitment_horizon,8,h8,10,4
183,known_visit,PI,ideal,1.0,19,361,4,10,pi_h8_ideal,known_visit_10target_300.csv,"(12,16);(13,9);(9,4);(16,0);(13,11);(13,15);(15,10);(12,12);(1,2);(8,17)",10,True,45.856391056575504,45.856391056575504,00:3;01:0;02:6;03:1,"(0,0);(0,6);(0,12);(0,18)","(16,0);(1,6);(15,10);(8,17)",290,0,known_visit_horizon,commitment_horizon,8,h8,10,4
184,known_visit,PI,ideal,1.0,19,361,4,10,pi_h8_ideal,known_visit_10target_300.csv,"(10,18);(2,2);(10,11);(15,14);(1,15);(14,3);(11,4);(3,4);(12,5);(9,4)",10,True,35.48889779040117,35.48889779040117,00:6;01:1;02:2;03:1,"(0,0);(0,6);(0,12);(0,18)","(14,3);(1,15);(15,14);(10,18)",209,0,known_visit_horizon,commitment_horizon,8,h8,10,4
185,known_visit,PI,ideal,1.0,19,361,4,10,pi_h8_ideal,known_visit_10target_300.csv,"(4,6);(16,0);(5,14);(13,3);(8,13);(13,9);(18,16);(16,7);(2,9);(12,18)",10,True,69.7092479125247,69.7092479125247,00:1;01:3;02:6;03:0,"(0,0);(0,6);(0,12);(0,18)","(12,10);(18,16);(16,0);(3,18)",436,0,known_visit_horizon,commitment_horizon,8,h8,10,4
186,known_visit,PI,ideal,1.0,19,361,4,10,pi_h8_ideal,known_visit_10target_300.csv,"(4,3);(2,11);(3,7);(6,4);(6,9);(1,17);(12,13);(0,9);(9,14);(17,18)",10,True,43.24096603829963,43.24096603829963,00:3;01:3;02:3;03:1,"(0,0);(0,6);(0,12);(0,18)","(6,9);(3,7);(17,18);(1,15)",279,0,known_visit_horizon,commitment_horizon,8,h8,10,4
187,known_visit,PI,ideal,1.0,19,361,4,10,pi_h8_ideal,known_visit_10target_300.csv,"(18,3);(4,10);(2,15);(6,8);(8,6);(5,10);(8,9);(11,10);(16,12);(17,13)",10,True,69.56912302092175,69.56912302092175,00:5;01:0;02:0;03:5,"(0,0);(0,6);(0,12);(0,18)","(18,3);(1,6);(2,12);(8,6)",477,0,known_visit_horizon,commitment_horizon,8,h8,10,4
188,known_visit,PI,ideal,1.0,19,361,4,10,pi_h8_ideal,known_visit_10target_300.csv,"(6,8);(2,11);(1,11);(13,2);(11,18);(3,4);(0,4);(3,0);(16,15);(3,16)",10,True,56.814610150927976,56.814610150927976,00:2;01:2;02:5;03:1,"(0,0);(0,6);(0,12);(0,18)","(13,2);(3,4);(16,15);(3,16)",383,0,known_visit_horizon,commitment_horizon,8,h8,10,4
189,known_visit,PI,ideal,1.0,19,361,4,10,pi_h8_ideal,known_visit_10target_300.csv,"(4,17);(1,14);(17,2);(18,18);(11,17);(10,5);(4,16);(9,17);(7,16);(18,13)",10,True,74.58421448848283,74.58421448848283,00:7;01:2;02:0;03:1,"(0,0);(0,6);(0,12);(0,18)","(18,13);(17,2);(1,12);(1,14)",509,0,known_visit_horizon,commitment_horizon,8,h8,10,4
190,known_visit,PI,ideal,1.0,19,361,4,10,pi_h8_ideal,known_visit_10target_300.csv,"(0,3);(5,7);(14,18);(13,16);(11,4);(4,10);(6,2);(0,1);(6,0);(3,3)",10,True,61.188300716854634,61.188300716854634,00:8;01:0;02:0;03:2,"(0,0);(0,6);(0,12);(0,18)","(11,4);(0,6);(0,12);(13,16)",425,0,known_visit_horizon,commitment_horizon,8,h8,10,4
191,known_visit,PI,ideal,1.0,19,361,4,10,pi_h8_ideal,known_visit_10target_300.csv,"(16,9);(2,13);(12,8);(18,2);(8,18);(6,12);(0,10);(17,15);(18,18);(17,6)",10,True,72.11264883703836,72.11264883703836,00:5;01:2;02:3;03:0,"(0,0);(0,6);(0,12);(0,18)","(17,15);(18,2);(16,9);(2,18)",464,0,known_visit_horizon,commitment_horizon,8,h8,10,4
192,known_visit,PI,ideal,1.0,19,361,4,10,pi_h8_ideal,known_visit_10target_300.csv,"(3,18);(5,13);(5,6);(6,4);(5,15);(0,15);(2,2);(16,13);(11,4);(14,0)",10,True,98.25259401093604,98.25259401093604,00:8;01:0;02:1;03:1,"(0,0);(0,6);(0,12);(0,18)","(16,13);(1,7);(0,15);(3,18)",702,0,known_visit_horizon,commitment_horizon,8,h8,10,4
193,known_visit,PI,ideal,1.0,19,361,4,10,pi_h8_ideal,known_visit_10target_300.csv,"(9,17);(10,4);(1,14);(2,11);(10,16);(18,17);(12,5);(17,11);(12,18);(0,11)",10,True,79.75906488882327,79.75906488882327,00:5;01:0;02:1;03:4,"(0,0);(0,6);(0,12);(0,18)","(17,11);(0,7);(0,11);(12,5)",545,0,known_visit_horizon,commitment_horizon,8,h8,10,4
194,known_visit,PI,ideal,1.0,19,361,4,10,pi_h8_ideal,known_visit_10target_300.csv,"(4,7);(11,0);(18,15);(12,3);(10,10);(12,4);(18,11);(7,15);(9,1);(4,10)",10,True,41.831064032306784,41.831064032306784,00:4;01:3;02:0;03:3,"(0,0);(0,6);(0,12);(0,18)","(12,4);(10,10);(4,11);(18,11)",257,0,known_visit_horizon,commitment_horizon,8,h8,10,4
195,known_visit,PI,ideal,1.0,19,361,4,10,pi_h8_ideal,known_visit_10target_300.csv,"(7,2);(9,17);(0,16);(0,11);(2,9);(7,6);(15,13);(8,12);(2,1);(1,13)",10,True,61.75514032624317,61.75514032624317,00:6;01:0;02:1;03:3,"(0,0);(0,6);(0,12);(0,18)","(15,13);(0,6);(1,13);(2,9)",435,0,known_visit_horizon,commitment_horizon,8,h8,10,4
196,known_visit,PI,ideal,1.0,19,361,4,10,pi_h8_ideal,known_visit_10target_300.csv,"(16,16);(15,2);(6,7);(15,13);(7,13);(0,15);(10,17);(13,10);(17,12);(4,7)",10,True,65.42614705506243,65.42614705506243,00:3;01:6;02:1;03:0,"(0,0);(0,6);(0,12);(0,18)","(15,2);(10,17);(0,15);(0,16)",416,0,known_visit_horizon,commitment_horizon,8,h8,10,4
197,known_visit,PI,ideal,1.0,19,361,4,10,pi_h8_ideal,known_visit_10target_300.csv,"(17,4);(5,6);(13,14);(17,9);(6,4);(4,8);(10,16);(17,3);(8,12);(17,1)",10,True,55.95530952996482,55.95530952996482,00:4;01:6;02:0;03:0,"(0,0);(0,6);(0,12);(0,18)","(13,14);(17,9);(4,11);(5,18)",355,0,known_visit_horizon,commitment_horizon,8,h8,10,4
198,known_visit,PI,ideal,1.0,19,361,4,10,pi_h8_ideal,known_visit_10target_300.csv,"(17,1);(0,13);(13,10);(7,15);(2,11);(2,15);(10,2);(4,7);(2,13);(5,6)",10,True,82.86907531259132,82.86907531259132,00:2;01:0;02:7;03:1,"(0,0);(0,6);(0,12);(0,18)","(3,15);(1,6);(13,10);(2,15)",566,0,known_visit_horizon,commitment_horizon,8,h8,10,4
199,known_visit,PI,ideal,1.0,19,361,4,10,pi_h8_ideal,known_visit_10target_300.csv,"(0,3);(1,8);(16,3);(15,9);(11,2);(14,3);(17,17);(11,1);(2,18);(18,15)",10,True,87.15847231985983,87.15847231985983,00:1;01:1;02:7;03:1,"(0,0);(0,6);(0,12);(0,18)","(0,3);(1,8);(11,1);(2,16)",623,0,known_visit_horizon,commitment_horizon,8,h8,10,4
200,known_visit,PI,ideal,1.0,19,361,4,10,pi_h8_ideal,known_visit_10target_300.csv,"(4,15);(7,5);(4,0);(17,0);(0,11);(3,15);(7,16);(7,13);(15,18);(17,2)",10,True,81.16237785774919,81.16237785774919,00:8;01:0;02:1;03:1,"(0,0);(0,6);(0,12);(0,18)","(3,15);(1,6);(0,11);(15,18)",566,0,known_visit_horizon,commitment_horizon,8,h8,10,4
201,known_visit,PI,ideal,1.0,19,361,4,10,pi_h8_ideal,known_visit_10target_300.csv,"(17,12);(4,15);(8,9);(6,9);(12,2);(13,18);(3,0);(11,6);(4,6);(10,13)",10,True,86.09118779870657,86.09118779870657,00:1;01:3;02:6;03:0,"(0,0);(0,6);(0,12);(0,18)","(3,0);(8,9);(12,2);(3,18)",606,0,known_visit_horizon,commitment_horizon,8,h8,10,4
202,known_visit,PI,ideal,1.0,19,361,4,10,pi_h8_ideal,known_visit_10target_300.csv,"(9,8);(9,7);(3,6);(5,0);(9,13);(12,9);(16,13);(5,9);(9,2);(2,2)",10,True,43.4736456971834,43.4736456971834,00:6;01:4;02:0;03:0,"(0,0);(0,6);(0,12);(0,18)","(12,9);(16,13);(3,12);(3,18)",280,0,known_visit_horizon,commitment_horizon,8,h8,10,4
203,known_visit,PI,ideal,1.0,19,361,4,10,pi_h8_ideal,known_visit_10target_300.csv,"(6,8);(11,15);(9,11);(3,6);(0,10);(7,10);(18,3);(6,6);(16,7);(8,5)",10,True,53.09865865496596,53.09865865496596,00:0;01:5;02:5;03:0,"(0,0);(0,6);(0,12);(0,18)","(0,0);(11,15);(18,3);(0,18)",357,0,known_visit_horizon,commitment_horizon,8,h8,10,4
204,known_visit,PI,ideal,1.0,19,361,4,10,pi_h8_ideal,known_visit_10target_300.csv,"(2,13);(17,17);(14,9);(13,7);(8,10);(12,16);(10,3);(5,3);(17,10);(12,9)",10,True,90.12389014178768,90.12389014178768,00:8;01:0;02:1;03:1,"(0,0);(0,6);(0,12);(0,18)","(17,10);(1,6);(2,13);(8,10)",630,0,known_visit_horizon,commitment_horizon,8,h8,10,4
205,known_visit,PI,ideal,1.0,19,361,4,10,pi_h8_ideal,known_visit_10target_300.csv,"(12,13);(16,12);(5,6);(15,17);(3,10);(3,17);(14,9);(14,11);(11,7);(17,10)",10,True,58.25749783873529,58.25749783873529,00:3;01:4;02:2;03:1,"(0,0);(0,6);(0,12);(0,18)","(15,17);(14,11);(17,10);(3,17)",369,0,known_visit_horizon,commitment_horizon,8,h8,10,4
206,known_visit,PI,ideal,1.0,19,361,4,10,pi_h8_ideal,known_visit_10target_300.csv,"(13,7);(16,2);(1,13);(18,7);(5,3);(3,12);(3,4);(7,9);(12,6);(1,5)",10,True,55.45787834375248,55.45787834375248,00:3;01:5;02:2;03:0,"(0,0);(0,6);(0,12);(0,18)","(5,3);(16,2);(3,12);(1,17)",383,0,known_visit_horizon,commitment_horizon,8,h8,10,4
207,known_visit,PI,ideal,1.0,19,361,4,10,pi_h8_ideal,known_visit_10target_300.csv,"(4,9);(11,13);(5,6);(0,3);(10,18);(8,10);(11,10);(12,12);(18,13);(11,12)",10,True,46.601862638086615,46.601862638086615,00:1;01:7;02:1;03:1,"(0,0);(0,6);(0,12);(0,18)","(0,3);(18,13);(4,9);(10,18)",317,0,known_visit_horizon,commitment_horizon,8,h8,10,4
208,known_visit,PI,ideal,1.0,19,361,4,10,pi_h8_ideal,known_visit_10target_300.csv,"(7,15);(15,16);(18,5);(7,18);(16,10);(13,13);(9,8);(5,13);(7,6);(11,8)",10,True,63.9586945822803,63.9586945822803,00:3;01:1;02:0;03:6,"(0,0);(0,6);(0,12);(0,18)","(11,8);(5,13);(2,12);(18,5)",422,0,known_visit_horizon,commitment_horizon,8,h8,10,4
209,known_visit,PI,ideal,1.0,19,361,4,10,pi_h8_ideal,known_visit_10target_300.csv,"(2,14);(12,18);(1,0);(10,2);(16,12);(12,8);(13,10);(4,6);(13,11);(6,1)",10,True,64.8519728189344,64.8519728189344,00:7;01:0;02:3;03:0,"(0,0);(0,6);(0,12);(0,18)","(12,18);(1,6);(6,1);(1,18)",437,0,known_visit_horizon,commitment_horizon,8,h8,10,4
210,known_visit,PI,ideal,1.0,19,361,4,10,pi_h8_ideal,known_visit_10target_300.csv,"(12,15);(2,1);(1,11);(10,2);(3,7);(8,5);(17,8);(16,4);(1,3);(17,4)",10,True,70.71495228388935,70.71495228388935,00:2;01:7;02:1;03:0,"(0,0);(0,6);(0,12);(0,18)","(1,3);(12,15);(1,11);(2,18)",503,0,known_visit_horizon,commitment_horizon,8,h8,10,4
211,known_visit,PI,ideal,1.0,19,361,4,10,pi_h8_ideal,known_visit_10target_300.csv,"(17,9);(15,0);(7,6);(4,1);(5,0);(7,10);(10,14);(3,0);(10,3);(3,3)",10,True,54.658188717380135,54.658188717380135,00:3;01:4;02:0;03:3,"(0,0);(0,6);(0,12);(0,18)","(4,1);(17,9);(3,12);(7,6)",352,0,known_visit_horizon,commitment_horizon,8,h8,10,4
212,known_visit,PI,ideal,1.0,19,361,4,10,pi_h8_ideal,known_visit_10target_300.csv,"(8,16);(9,16);(8,5);(4,2);(13,12);(7,5);(1,0);(3,14);(17,16);(5,11)",10,True,70.30497428235732,70.30497428235732,00:8;01:0;02:1;03:1,"(0,0);(0,6);(0,12);(0,18)","(17,16);(5,7);(5,11);(3,14)",492,0,known_visit_horizon,commitment_horizon,8,h8,10,4
213,known_visit,PI,ideal,1.0,19,361,4,10,pi_h8_ideal,known_visit_10target_300.csv,"(16,1);(11,14);(15,4);(7,6);(4,6);(5,11);(7,10);(18,12);(1,0);(16,11)",10,True,61.28606200794924,61.28606200794924,00:5;01:4;02:1;03:0,"(0,0);(0,6);(0,12);(0,18)","(18,12);(16,1);(5,11);(1,18)",406,0,known_visit_horizon,commitment_horizon,8,h8,10,4
214,known_visit,PI,ideal,1.0,19,361,4,10,pi_h8_ideal,known_visit_10target_300.csv,"(13,5);(7,10);(3,1);(14,16);(6,7);(15,0);(16,15);(8,9);(0,10);(3,9)",10,True,70.6286123817304,70.6286123817304,00:5;01:4;02:1;03:0,"(0,0);(0,6);(0,12);(0,18)","(16,15);(6,7);(3,9);(0,12)",476,0,known_visit_horizon,commitment_horizon,8,h8,10,4
215,known_visit,PI,ideal,1.0,19,361,4,10,pi_h8_ideal,known_visit_10target_300.csv,"(8,18);(7,12);(8,17);(12,3);(4,16);(1,14);(10,2);(16,6);(15,2);(8,7)",10,True,79.06984799130502,79.06984799130502,00:8;01:0;02:2;03:0,"(0,0);(0,6);(0,12);(0,18)","(8,18);(0,6);(4,16);(1,18)",564,0,known_visit_horizon,commitment_horizon,8,h8,10,4
216,known_visit,PI,ideal,1.0,19,361,4,10,pi_h8_ideal,known_visit_10target_300.csv,"(13,0);(16,18);(16,3);(16,16);(17,17);(13,3);(6,10);(12,5);(11,15);(13,8)",10,True,74.54968330045048,74.54968330045048,00:7;01:3;02:0;03:0,"(0,0);(0,6);(0,12);(0,18)","(11,15);(12,5);(1,12);(0,18)",510,0,known_visit_horizon,commitment_horizon,8,h8,10,4
217,known_visit,PI,ideal,1.0,19,361,4,10,pi_h8_ideal,known_visit_10target_300.csv,"(9,5);(8,11);(16,13);(12,13);(5,3);(4,15);(17,2);(16,18);(18,12);(7,3)",10,True,68.91402398498458,68.91402398498458,00:7;01:2;02:1;03:0,"(0,0);(0,6);(0,12);(0,18)","(16,18);(17,2);(5,15);(4,16)",453,0,known_visit_horizon,commitment_horizon,8,h8,10,4
218,known_visit,PI,ideal,1.0,19,361,4,10,pi_h8_ideal,known_visit_10target_300.csv,"(16,13);(4,12);(15,12);(16,4);(7,12);(17,14);(4,9);(9,3);(6,11);(18,6)",10,True,52.13562335241521,52.13562335241521,00:5;01:0;02:5;03:0,"(0,0);(0,6);(0,12);(0,18)","(17,14);(2,6);(18,6);(2,18)",333,0,known_visit_horizon,commitment_horizon,8,h8,10,4
219,known_visit,PI,ideal,1.0,19,361,4,10,pi_h8_ideal,known_visit_10target_300.csv,"(5,10);(3,2);(7,15);(14,13);(2,9);(7,6);(7,12);(15,6);(10,9);(2,13)",10,True,63.83048260323202,63.83048260323202,00:5;01:2;02:3;03:0,"(0,0);(0,6);(0,12);(0,18)","(14,13);(5,10);(7,12);(2,16)",432,0,known_visit_horizon,commitment_horizon,8,h8,10,4
220,known_visit,PI,ideal,1.0,19,361,4,10,pi_h8_ideal,known_visit_10target_300.csv,"(3,11);(13,0);(3,12);(4,0);(0,15);(0,11);(2,6);(12,11);(11,6);(17,6)",10,True,57.13383366957013,57.13383366957013,00:0;01:4;02:5;03:1,"(0,0);(0,6);(0,12);(0,18)","(2,0);(12,11);(13,0);(0,15)",377,0,known_visit_horizon,commitment_horizon,8,h8,10,4
221,known_visit,PI,ideal,1.0,19,361,4,10,pi_h8_ideal,known_visit_10target_300.csv,"(0,13);(18,12);(16,3);(4,6);(18,11);(14,7);(15,9);(14,17);(4,13);(5,16)",10,True,49.18187150276946,49.18187150276946,00:3;01:1;02:6;03:0,"(0,0);(0,6);(0,12);(0,18)","(15,9);(4,6);(18,11);(2,18)",315,0,known_visit_horizon,commitment_horizon,8,h8,10,4
222,known_visit,PI,ideal,1.0,19,361,4,10,pi_h8_ideal,known_visit_10target_300.csv,"(1,4);(4,14);(12,18);(7,2);(2,5);(3,8);(2,14);(3,17);(6,18);(6,3)",10,True,44.781716947847535,44.781716947847535,00:4;01:2;02:4;03:0,"(0,0);(0,6);(0,12);(0,18)","(7,2);(4,14);(12,18);(1,18)",293,0,known_visit_horizon,commitment_horizon,8,h8,10,4
223,known_visit,PI,ideal,1.0,19,361,4,10,pi_h8_ideal,known_visit_10target_300.csv,"(12,1);(4,4);(6,9);(0,1);(2,9);(17,16);(7,4);(14,12);(11,10);(9,18)",10,True,60.968258023542035,60.968258023542035,00:1;01:2;02:5;03:2,"(0,0);(0,6);(0,12);(0,18)","(0,1);(14,12);(4,4);(17,15)",386,0,known_visit_horizon,commitment_horizon,8,h8,10,4
224,known_visit,PI,ideal,1.0,19,361,4,10,pi_h8_ideal,known_visit_10target_300.csv,"(2,5);(3,11);(10,13);(4,5);(10,4);(12,10);(6,1);(4,9);(11,18);(3,14)",10,True,36.625594683872336,36.625594683872336,00:3;01:2;02:2;03:3,"(0,0);(0,6);(0,12);(0,18)","(12,10);(4,5);(4,9);(11,18)",226,0,known_visit_horizon,commitment_horizon,8,h8,10,4
225,known_visit,PI,ideal,1.0,19,361,4,10,pi_h8_ideal,known_visit_10target_300.csv,"(2,5);(17,8);(18,4);(2,14);(14,14);(3,16);(16,15);(15,11);(2,4);(4,17)",10,True,66.98647670948866,66.98647670948866,00:6;01:1;02:0;03:3,"(0,0);(0,6);(0,12);(0,18)","(16,15);(2,5);(0,12);(2,14)",473,0,known_visit_horizon,commitment_horizon,8,h8,10,4
226,known_visit,PI,ideal,1.0,19,361,4,10,pi_h8_ideal,known_visit_10target_300.csv,"(14,18);(15,16);(8,13);(1,18);(10,15);(15,5);(5,16);(18,11);(17,0);(12,6)",10,True,78.20948289863972,78.20948289863972,00:0;01:6;02:2;03:2,"(0,0);(0,6);(0,12);(0,18)","(2,0);(14,18);(10,15);(5,16)",538,0,known_visit_horizon,commitment_horizon,8,h8,10,4
227,known_visit,PI,ideal,1.0,19,361,4,10,pi_h8_ideal,known_visit_10target_300.csv,"(5,13);(8,16);(12,8);(2,15);(6,5);(1,0);(4,1);(13,1);(12,3);(12,6)",10,True,54.60886912051237,54.60886912051237,00:2;01:1;02:6;03:1,"(0,0);(0,6);(0,12);(0,18)","(4,1);(6,5);(13,1);(2,15)",374,0,known_visit_horizon,commitment_horizon,8,h8,10,4
228,known_visit,PI,ideal,1.0,19,361,4,10,pi_h8_ideal,known_visit_10target_300.csv,"(1,12);(7,18);(11,16);(2,6);(18,17);(12,18);(18,2);(1,14);(10,11);(10,17)",10,True,90.08970567635517,90.08970567635517,00:0;01:1;02:8;03:1,"(0,0);(0,6);(0,12);(0,18)","(2,0);(2,6);(18,2);(7,18)",642,0,known_visit_horizon,commitment_horizon,8,h8,10,4
229,known_visit,PI,ideal,1.0,19,361,4,10,pi_h8_ideal,known_visit_10target_300.csv,"(4,17);(15,7);(11,18);(4,9);(8,13);(12,18);(4,5);(8,4);(2,10);(3,15)",10,True,56.02546740267642,56.02546740267642,00:2;01:7;02:1;03:0,"(0,0);(0,6);(0,12);(0,18)","(15,7);(12,18);(8,13);(1,18)",366,0,known_visit_horizon,commitment_horizon,8,h8,10,4
230,known_visit,PI,ideal,1.0,19,361,4,10,pi_h8_ideal,known_visit_10target_300.csv,"(13,9);(17,11);(12,10);(1,18);(12,8);(14,12);(16,1);(0,4);(18,5);(2,3)",10,True,46.22892753957805,46.22892753957805,00:0;01:4;02:3;03:3,"(0,0);(0,6);(0,12);(0,18)","(1,0);(18,5);(13,9);(17,11)",278,0,known_visit_horizon,commitment_horizon,8,h8,10,4
231,known_visit,PI,ideal,1.0,19,361,4,10,pi_h8_ideal,known_visit_10target_300.csv,"(4,4);(13,10);(12,12);(13,14);(13,5);(0,10);(5,1);(11,0);(0,11);(12,5)",10,True,54.01006370989413,54.01006370989413,00:7;01:1;02:0;03:2,"(0,0);(0,6);(0,12);(0,18)","(13,14);(4,4);(0,12);(0,10)",376,0,known_visit_horizon,commitment_horizon,8,h8,10,4
232,known_visit,PI,ideal,1.0,19,361,4,10,pi_h8_ideal,known_visit_10target_300.csv,"(7,2);(4,11);(17,15);(9,15);(3,11);(13,14);(13,5);(4,17);(3,0);(4,18)",10,True,86.19904322113688,86.19904322113688,00:8;01:2;02:0;03:0,"(0,0);(0,6);(0,12);(0,18)","(4,18);(4,11);(1,12);(0,18)",614,0,known_visit_horizon,commitment_horizon,8,h8,10,4
233,known_visit,PI,ideal,1.0,19,361,4,10,pi_h8_ideal,known_visit_10target_300.csv,"(13,3);(8,14);(9,17);(6,13);(8,8);(6,10);(15,14);(12,14);(15,1);(3,2)",10,True,58.1250969397407,58.1250969397407,00:3;01:0;02:6;03:1,"(0,0);(0,6);(0,12);(0,18)","(15,1);(1,6);(8,8);(9,17)",383,0,known_visit_horizon,commitment_horizon,8,h8,10,4
234,known_visit,PI,ideal,1.0,19,361,4,10,pi_h8_ideal,known_visit_10target_300.csv,"(8,16);(8,13);(8,0);(10,5);(7,11);(14,16);(15,9);(9,8);(5,2);(12,0)",10,True,68.30754886268376,68.30754886268376,00:3;01:6;02:1;03:0,"(0,0);(0,6);(0,12);(0,18)","(12,0);(15,9);(7,11);(1,18)",465,0,known_visit_horizon,commitment_horizon,8,h8,10,4
235,known_visit,PI,ideal,1.0,19,361,4,10,pi_h8_ideal,known_visit_10target_300.csv,"(10,6);(13,16);(15,0);(0,16);(18,13);(0,10);(3,4);(13,12);(1,7);(0,3)",10,True,82.42143927217208,82.42143927217208,00:8;01:2;02:0;03:0,"(0,0);(0,6);(0,12);(0,18)","(18,13);(15,0);(0,11);(0,17)",572,0,known_visit_horizon,commitment_horizon,8,h8,10,4
236,known_visit,PI,ideal,1.0,19,361,4,10,pi_h8_ideal,known_visit_10target_300.csv,"(2,16);(3,12);(11,7);(18,5);(7,10);(8,10);(15,13);(4,9);(4,6);(1,16)",10,True,45.09660894007246,45.09660894007246,00:2;01:5;02:1;03:2,"(0,0);(0,6);(0,12);(0,18)","(18,5);(15,13);(3,12);(2,16)",291,0,known_visit_horizon,commitment_horizon,8,h8,10,4
237,known_visit,PI,ideal,1.0,19,361,4,10,pi_h8_ideal,known_visit_10target_300.csv,"(4,7);(8,2);(4,1);(4,4);(11,8);(0,17);(17,15);(6,15);(4,13);(14,1)",10,True,61.45898016550253,61.45898016550253,00:1;01:5;02:3;03:1,"(0,0);(0,6);(0,12);(0,18)","(4,1);(11,8);(17,15);(0,17)",417,0,known_visit_horizon,commitment_horizon,8,h8,10,4
238,known_visit,PI,ideal,1.0,19,361,4,10,pi_h8_ideal,known_visit_10target_300.csv,"(6,14);(1,13);(15,11);(13,8);(9,10);(13,0);(3,3);(9,16);(2,18);(12,3)",10,True,58.658133811709185,58.658133811709185,00:5;01:0;02:4;03:1,"(0,0);(0,6);(0,12);(0,18)","(15,11);(1,6);(9,10);(2,18)",399,0,known_visit_horizon,commitment_horizon,8,h8,10,4
239,known_visit,PI,ideal,1.0,19,361,4,10,pi_h8_ideal,known_visit_10target_300.csv,"(16,3);(16,0);(4,3);(13,11);(14,6);(17,0);(2,17);(8,7);(4,7);(8,10)",10,True,63.50933270736369,63.50933270736369,00:1;01:2;02:0;03:7,"(0,0);(0,6);(0,12);(0,18)","(4,3);(8,7);(1,12);(17,0)",441,0,known_visit_horizon,commitment_horizon,8,h8,10,4
240,known_visit,PI,ideal,1.0,19,361,4,10,pi_h8_ideal,known_visit_10target_300.csv,"(3,3);(7,9);(18,7);(3,10);(14,16);(6,17);(3,5);(14,14);(12,1);(4,9)",10,True,64.85300661239104,64.85300661239104,00:4;01:0;02:0;03:6,"(0,0);(0,6);(0,12);(0,18)","(14,16);(1,6);(1,12);(3,3)",431,0,known_visit_horizon,commitment_horizon,8,h8,10,4
241,known_visit,PI,ideal,1.0,19,361,4,10,pi_h8_ideal,known_visit_10target_300.csv,"(0,14);(0,15);(8,0);(7,4);(9,13);(12,0);(6,17);(1,7);(0,9);(14,3)",10,True,43.59404495803025,43.59404495803025,00:4;01:4;02:0;03:2,"(0,0);(0,6);(0,12);(0,18)","(0,15);(8,0);(0,11);(9,13)",277,0,known_visit_horizon,commitment_horizon,8,h8,10,4
242,known_visit,PI,ideal,1.0,19,361,4,10,pi_h8_ideal,known_visit_10target_300.csv,"(7,9);(13,2);(13,16);(5,15);(6,11);(16,1);(16,6);(10,15);(16,2);(3,14)",10,True,65.71562350280064,65.71562350280064,00:0;01:2;02:7;03:1,"(0,0);(0,6);(0,12);(0,18)","(0,0);(13,16);(16,6);(5,15)",440,0,known_visit_horizon,commitment_horizon,8,h8,10,4
243,known_visit,PI,ideal,1.0,19,361,4,10,pi_h8_ideal,known_visit_10target_300.csv,"(1,2);(18,15);(9,3);(4,13);(18,0);(3,14);(2,6);(8,9);(12,2);(3,15)",10,True,81.47838305742331,81.47838305742331,00:1;01:6;02:3;03:0,"(0,0);(0,6);(0,12);(0,18)","(1,2);(18,15);(3,15);(3,18)",575,0,known_visit_horizon,commitment_horizon,8,h8,10,4
244,known_visit,PI,ideal,1.0,19,361,4,10,pi_h8_ideal,known_visit_10target_300.csv,"(17,5);(15,4);(17,18);(1,18);(5,6);(16,10);(9,5);(10,16);(17,11);(9,9)",10,True,67.46356695073406,67.46356695073406,00:5;01:0;02:4;03:1,"(0,0);(0,6);(0,12);(0,18)","(17,18);(2,6);(17,5);(2,18)",449,0,known_visit_horizon,commitment_horizon,8,h8,10,4
245,known_visit,PI,ideal,1.0,19,361,4,10,pi_h8_ideal,known_visit_10target_300.csv,"(5,4);(6,7);(9,9);(17,14);(8,5);(16,5);(13,12);(10,8);(9,3);(10,7)",10,True,64.14920608313778,64.14920608313778,00:7;01:3;02:0;03:0,"(0,0);(0,6);(0,12);(0,18)","(17,14);(16,5);(6,8);(1,18)",431,0,known_visit_horizon,commitment_horizon,8,h8,10,4
246,known_visit,PI,ideal,1.0,19,361,4,10,pi_h8_ideal,known_visit_10target_300.csv,"(5,15);(2,18);(1,0);(5,2);(18,17);(17,8);(7,8);(15,8);(18,0);(6,2)",10,True,57.93594512101281,57.93594512101281,00:7;01:0;02:0;03:3,"(0,0);(0,6);(0,12);(0,18)","(18,0);(1,6);(0,12);(18,17)",392,0,known_visit_horizon,commitment_horizon,8,h8,10,4
247,known_visit,PI,ideal,1.0,19,361,4,10,pi_h8_ideal,known_visit_10target_300.csv,"(12,16);(8,0);(18,7);(2,3);(10,4);(9,7);(9,5);(18,13);(1,15);(8,9)",10,True,99.46108841455246,99.46108841455246,00:1;01:0;02:9;03:0,"(0,0);(0,6);(0,12);(0,18)","(2,3);(2,4);(8,0);(1,18)",711,0,known_visit_horizon,commitment_horizon,8,h8,10,4
248,known_visit,PI,ideal,1.0,19,361,4,10,pi_h8_ideal,known_visit_10target_300.csv,"(4,12);(8,2);(5,11);(13,13);(9,14);(2,11);(6,3);(4,2);(2,16);(12,12)",10,True,45.872112113974154,45.872112113974154,00:3;01:6;02:0;03:1,"(0,0);(0,6);(0,12);(0,18)","(8,2);(13,13);(2,12);(2,16)",315,0,known_visit_horizon,commitment_horizon,8,h8,10,4
249,known_visit,PI,ideal,1.0,19,361,4,10,pi_h8_ideal,known_visit_10target_300.csv,"(15,8);(14,4);(1,8);(11,6);(1,17);(16,11);(6,18);(15,7);(17,0);(12,0)",10,True,67.69704664818153,67.69704664818153,00:7;01:1;02:1;03:1,"(0,0);(0,6);(0,12);(0,18)","(16,11);(1,8);(1,17);(13,18)",464,0,known_visit_horizon,commitment_horizon,8,h8,10,4
250,known_visit,PI,ideal,1.0,19,361,4,10,pi_h8_ideal,known_visit_10target_300.csv,"(5,0);(6,17);(6,7);(2,2);(18,17);(10,8);(12,8);(17,14);(14,17);(16,7)",10,True,56.4125020569302,56.4125020569302,00:5;01:5;02:0;03:0,"(0,0);(0,6);(0,12);(0,18)","(16,7);(17,14);(1,12);(1,18)",372,0,known_visit_horizon,commitment_horizon,8,h8,10,4
251,known_visit,PI,ideal,1.0,19,361,4,10,pi_h8_ideal,known_visit_10target_300.csv,"(6,1);(15,6);(16,18);(1,14);(15,3);(1,7);(4,16);(10,1);(10,10);(7,11)",10,True,61.48276651665735,61.48276651665735,00:2;01:5;02:0;03:3,"(0,0);(0,6);(0,12);(0,18)","(4,16);(6,1);(1,12);(15,3)",379,0,known_visit_horizon,commitment_horizon,8,h8,10,4
252,known_visit,PI,ideal,1.0,19,361,4,10,pi_h8_ideal,known_visit_10target_300.csv,"(12,7);(16,15);(3,6);(17,6);(10,8);(9,14);(6,13);(4,12);(6,3);(9,11)",10,True,57.88951942477726,57.88951942477726,00:1;01:3;02:6;03:0,"(0,0);(0,6);(0,12);(0,18)","(6,3);(16,15);(17,6);(3,18)",369,0,known_visit_horizon,commitment_horizon,8,h8,10,4
253,known_visit,PI,ideal,1.0,19,361,4,10,pi_h8_ideal,known_visit_10target_300.csv,"(3,10);(11,4);(3,14);(8,1);(6,6);(0,13);(8,10);(16,0);(10,6);(4,2)",10,True,62.672485088930834,62.672485088930834,00:5;01:1;02:4;03:0,"(0,0);(0,6);(0,12);(0,18)","(10,6);(6,6);(8,10);(0,17)",430,0,known_visit_horizon,commitment_horizon,8,h8,10,4
254,known_visit,PI,ideal,1.0,19,361,4,10,pi_h8_ideal,known_visit_10target_300.csv,"(7,8);(13,2);(18,4);(9,3);(17,11);(8,0);(16,9);(6,14);(4,11);(7,3)",10,True,66.55826314792986,66.55826314792986,00:7;01:1;02:1;03:1,"(0,0);(0,6);(0,12);(0,18)","(17,11);(7,8);(6,13);(6,14)",449,0,known_visit_horizon,commitment_horizon,8,h8,10,4
255,known_visit,PI,ideal,1.0,19,361,4,10,pi_h8_ideal,known_visit_10target_300.csv,"(6,14);(14,6);(11,13);(13,7);(6,7);(18,10);(13,11);(16,12);(11,1);(9,4)",10,True,48.644430422598546,48.644430422598546,00:4;01:1;02:0;03:5,"(0,0);(0,6);(0,12);(0,18)","(14,6);(6,7);(1,12);(18,10)",301,0,known_visit_horizon,commitment_horizon,8,h8,10,4
256,known_visit,PI,ideal,1.0,19,361,4,10,pi_h8_ideal,known_visit_10target_300.csv,"(5,14);(13,9);(9,5);(15,6);(2,4);(1,6);(4,8);(18,3);(1,5);(0,15)",10,True,74.46680954208549,74.46680954208549,00:0;01:3;02:0;03:7,"(0,0);(0,6);(0,12);(0,18)","(1,0);(2,4);(1,12);(18,3)",536,0,known_visit_horizon,commitment_horizon,8,h8,10,4
257,known_visit,PI,ideal,1.0,19,361,4,10,pi_h8_ideal,known_visit_10target_300.csv,"(16,6);(15,14);(14,0);(17,4);(7,6);(6,11);(5,4);(12,6);(4,15);(9,3)",10,True,70.70973069885744,70.70973069885744,00:6;01:2;02:2;03:0,"(0,0);(0,6);(0,12);(0,18)","(15,14);(12,6);(6,11);(2,18)",479,0,known_visit_horizon,commitment_horizon,8,h8,10,4
258,known_visit,PI,ideal,1.0,19,361,4,10,pi_h8_ideal,known_visit_10target_300.csv,"(15,15);(10,18);(11,4);(14,6);(5,14);(3,8);(11,0);(10,12);(8,5);(13,1)",10,True,54.74703247853437,54.74703247853437,00:0;01:0;02:6;03:4,"(0,0);(0,6);(0,12);(0,18)","(1,0);(1,6);(14,6);(15,15)",357,0,known_visit_horizon,commitment_horizon,8,h8,10,4
259,known_visit,PI,ideal,1.0,19,361,4,10,pi_h8_ideal,known_visit_10target_300.csv,"(3,11);(10,4);(7,10);(14,13);(10,10);(14,5);(9,10);(10,14);(6,14);(8,13)",10,True,36.03510120377485,36.03510120377485,00:2;01:3;02:1;03:4,"(0,0);(0,6);(0,12);(0,18)","(14,5);(10,10);(3,11);(14,13)",216,0,known_visit_horizon,commitment_horizon,8,h8,10,4
260,known_visit,PI,ideal,1.0,19,361,4,10,pi_h8_ideal,known_visit_10target_300.csv,"(15,2);(8,3);(7,2);(9,14);(6,0);(4,2);(12,6);(14,10);(5,12);(7,18)",10,True,58.651603264370905,58.651603264370905,00:6;01:1;02:2;03:1,"(0,0);(0,6);(0,12);(0,18)","(14,10);(4,2);(9,14);(7,18)",392,0,known_visit_horizon,commitment_horizon,8,h8,10,4
261,known_visit,PI,ideal,1.0,19,361,4,10,pi_h8_ideal,known_visit_10target_300.csv,"(10,7);(4,11);(7,9);(18,17);(14,10);(1,7);(2,2);(5,4);(18,15);(12,6)",10,True,59.92671025532542,59.92671025532542,00:2;01:7;02:1;03:0,"(0,0);(0,6);(0,12);(0,18)","(5,4);(18,17);(4,11);(2,18)",418,0,known_visit_horizon,commitment_horizon,8,h8,10,4
262,known_visit,PI,ideal,1.0,19,361,4,10,pi_h8_ideal,known_visit_10target_300.csv,"(13,5);(5,1);(9,1);(17,13);(16,1);(16,18);(3,12);(15,6);(5,12);(18,17)",10,True,46.276872152030336,46.276872152030336,00:5;01:0;02:5;03:0,"(0,0);(0,6);(0,12);(0,18)","(15,6);(4,6);(18,17);(1,18)",299,0,known_visit_horizon,commitment_horizon,8,h8,10,4
263,known_visit,PI,ideal,1.0,19,361,4,10,pi_h8_ideal,known_visit_10target_300.csv,"(12,3);(6,16);(0,17);(16,13);(17,7);(7,0);(5,16);(0,4);(10,9);(3,18)",10,True,109.37327491168831,109.37327491168831,00:0;01:8;02:0;03:2,"(0,0);(0,6);(0,12);(0,18)","(0,2);(5,16);(0,14);(3,18)",787,0,known_visit_horizon,commitment_horizon,8,h8,10,4
264,known_visit,PI,ideal,1.0,19,361,4,10,pi_h8_ideal,known_visit_10target_300.csv,"(14,9);(18,9);(2,8);(12,13);(8,17);(14,18);(17,6);(12,3);(12,0);(1,13)",10,True,95.59795636832743,95.59795636832743,00:6;01:0;02:3;03:1,"(0,0);(0,6);(0,12);(0,18)","(17,6);(1,6);(12,0);(1,13)",656,0,known_visit_horizon,commitment_horizon,8,h8,10,4
265,known_visit,PI,ideal,1.0,19,361,4,10,pi_h8_ideal,known_visit_10target_300.csv,"(8,5);(10,16);(15,10);(4,9);(17,12);(4,8);(18,11);(15,3);(18,12);(1,8)",10,True,55.371269443650284,55.371269443650284,00:5;01:0;02:0;03:5,"(0,0);(0,6);(0,12);(0,18)","(15,3);(1,6);(0,12);(18,11)",366,0,known_visit_horizon,commitment_horizon,8,h8,10,4
266,known_visit,PI,ideal,1.0,19,361,4,10,pi_h8_ideal,known_visit_10target_300.csv,"(0,9);(9,9);(6,17);(7,16);(6,10);(14,10);(14,15);(17,10);(18,18);(12,13)",10,True,87.25759869926492,87.25759869926492,00:6;01:4;02:0;03:0,"(0,0);(0,6);(0,12);(0,18)","(18,18);(6,17);(0,10);(3,18)",607,0,known_visit_horizon,commitment_horizon,8,h8,10,4
267,known_visit,PI,ideal,1.0,19,361,4,10,pi_h8_ideal,known_visit_10target_300.csv,"(2,8);(7,18);(7,15);(8,6);(2,5);(13,11);(16,5);(4,7);(0,14);(10,4)",10,True,66.15452471712733,66.15452471712733,00:0;01:4;02:6;03:0,"(0,0);(0,6);(0,12);(0,18)","(0,0);(7,18);(13,11);(0,18)",453,0,known_visit_horizon,commitment_horizon,8,h8,10,4
268,known_visit,PI,ideal,1.0,19,361,4,10,pi_h8_ideal,known_visit_10target_300.csv,"(16,13);(15,3);(4,16);(1,14);(9,14);(15,13);(11,17);(18,12);(5,9);(1,7)",10,True,55.87905787070697,55.87905787070697,00:2;01:1;02:1;03:6,"(0,0);(0,6);(0,12);(0,18)","(5,9);(15,3);(1,14);(18,12)",361,0,known_visit_horizon,commitment_horizon,8,h8,10,4
269,known_visit,PI,ideal,1.0,19,361,4,10,pi_h8_ideal,known_visit_10target_300.csv,"(14,11);(4,8);(8,12);(13,17);(6,14);(8,1);(5,5);(0,7);(9,12);(15,18)",10,True,85.75145496293067,85.75145496293067,00:8;01:2;02:0;03:0,"(0,0);(0,6);(0,12);(0,18)","(15,18);(4,8);(0,11);(2,18)",614,0,known_visit_horizon,commitment_horizon,8,h8,10,4
270,known_visit,PI,ideal,1.0,19,361,4,10,pi_h8_ideal,known_visit_10target_300.csv,"(17,1);(10,0);(9,5);(4,16);(15,2);(0,7);(1,0);(16,5);(0,5);(15,16)",10,True,55.69473987106807,55.69473987106807,00:1;01:3;02:4;03:2,"(0,0);(0,6);(0,12);(0,18)","(1,0);(16,5);(17,1);(15,16)",358,0,known_visit_horizon,commitment_horizon,8,h8,10,4
271,known_visit,PI,ideal,1.0,19,361,4,10,pi_h8_ideal,known_visit_10target_300.csv,"(13,4);(18,17);(15,9);(11,16);(6,7);(5,0);(7,18);(16,17);(9,0);(11,0)",10,True,59.44908818071755,59.44908818071755,00:7;01:3;02:0;03:0,"(0,0);(0,6);(0,12);(0,18)","(18,17);(11,16);(1,12);(1,18)",397,0,known_visit_horizon,commitment_horizon,8,h8,10,4
272,known_visit,PI,ideal,1.0,19,361,4,10,pi_h8_ideal,known_visit_10target_300.csv,"(10,16);(10,4);(8,8);(8,6);(13,10);(11,13);(16,9);(12,9);(7,2);(16,15)",10,True,51.78261003844222,51.78261003844222,00:4;01:6;02:0;03:0,"(0,0);(0,6);(0,12);(0,18)","(11,13);(16,15);(1,12);(1,18)",339,0,known_visit_horizon,commitment_horizon,8,h8,10,4
273,known_visit,PI,ideal,1.0,19,361,4,10,pi_h8_ideal,known_visit_10target_300.csv,"(14,11);(3,3);(13,0);(13,4);(8,0);(3,16);(9,14);(8,7);(11,9);(12,5)",10,True,52.00123556674566,52.00123556674566,00:5;01:0;02:0;03:5,"(0,0);(0,6);(0,12);(0,18)","(12,5);(3,4);(2,12);(8,7)",338,0,known_visit_horizon,commitment_horizon,8,h8,10,4
274,known_visit,PI,ideal,1.0,19,361,4,10,pi_h8_ideal,known_visit_10target_300.csv,"(8,10);(6,5);(13,8);(0,5);(16,4);(10,13);(16,17);(2,4);(12,16);(1,16)",10,True,56.18208851895121,56.18208851895121,00:5;01:1;02:3;03:1,"(0,0);(0,6);(0,12);(0,18)","(16,17);(0,5);(16,4);(1,16)",374,0,known_visit_horizon,commitment_horizon,8,h8,10,4
275,known_visit,PI,ideal,1.0,19,361,4,10,pi_h8_ideal,known_visit_10target_300.csv,"(14,13);(1,11);(18,15);(1,17);(4,6);(2,0);(9,1);(16,11);(8,16);(17,0)",10,True,66.04064418209173,66.04064418209173,00:5;01:0;02:4;03:1,"(0,0);(0,6);(0,12);(0,18)","(18,15);(1,6);(9,1);(1,17)",426,0,known_visit_horizon,commitment_horizon,8,h8,10,4
276,known_visit,PI,ideal,1.0,19,361,4,10,pi_h8_ideal,known_visit_10target_300.csv,"(10,17);(11,17);(13,3);(13,13);(6,2);(7,11);(8,8);(0,9);(4,17);(0,17)",10,True,51.35657563116163,51.35657563116163,00:0;01:1;02:4;03:5,"(0,0);(0,6);(0,12);(0,18)","(1,0);(0,9);(13,3);(13,13)",348,0,known_visit_horizon,commitment_horizon,8,h8,10,4
277,known_visit,PI,ideal,1.0,19,361,4,10,pi_h8_ideal,known_visit_10target_300.csv,"(15,16);(2,5);(13,1);(4,9);(14,3);(11,8);(16,17);(9,7);(4,13);(2,13)",10,True,58.500404821045,58.500404821045,00:0;01:1;02:4;03:5,"(0,0);(0,6);(0,12);(0,18)","(1,0);(2,5);(16,17);(13,1)",396,0,known_visit_horizon,commitment_horizon,8,h8,10,4
278,known_visit,PI,ideal,1.0,19,361,4,10,pi_h8_ideal,known_visit_10target_300.csv,"(10,16);(0,9);(7,7);(10,17);(2,2);(9,12);(6,4);(18,2);(18,13);(1,7)",10,True,55.721093126712965,55.721093126712965,00:5;01:3;02:2;03:0,"(0,0);(0,6);(0,12);(0,18)","(10,17);(18,13);(1,7);(1,18)",360,0,known_visit_horizon,commitment_horizon,8,h8,10,4
279,known_visit,PI,ideal,1.0,19,361,4,10,pi_h8_ideal,known_visit_10target_300.csv,"(4,15);(0,11);(10,16);(4,12);(8,11);(5,18);(6,4);(7,11);(8,3);(13,18)",10,True,60.090683343580075,60.090683343580075,00:5;01:4;02:1;03:0,"(0,0);(0,6);(0,12);(0,18)","(5,18);(13,18);(0,11);(0,18)",406,0,known_visit_horizon,commitment_horizon,8,h8,10,4
280,known_visit,PI,ideal,1.0,19,361,4,10,pi_h8_ideal,known_visit_10target_300.csv,"(16,17);(1,3);(17,15);(1,5);(2,13);(0,8);(13,18);(14,2);(12,18);(10,11)",10,True,58.47389608016488,58.47389608016488,00:1;01:4;02:1;03:4,"(0,0);(0,6);(0,12);(0,18)","(1,3);(14,2);(2,13);(17,15)",391,0,known_visit_horizon,commitment_horizon,8,h8,10,4
281,known_visit,PI,ideal,1.0,19,361,4,10,pi_h8_ideal,known_visit_10target_300.csv,"(3,7);(10,7);(0,3);(5,17);(13,9);(16,13);(11,14);(1,2);(5,0);(2,1)",10,True,56.17442805235642,56.17442805235642,00:2;01:3;02:0;03:5,"(0,0);(0,6);(0,12);(0,18)","(3,7);(5,0);(1,12);(10,7)",376,0,known_visit_horizon,commitment_horizon,8,h8,10,4
282,known_visit,PI,ideal,1.0,19,361,4,10,pi_h8_ideal,known_visit_10target_300.csv,"(10,16);(8,0);(14,3);(6,3);(1,11);(9,10);(2,13);(14,0);(10,8);(3,17)",10,True,39.288009183398096,39.288009183398096,00:4;01:1;02:3;03:2,"(0,0);(0,6);(0,12);(0,18)","(14,3);(2,13);(10,8);(10,16)",241,0,known_visit_horizon,commitment_horizon,8,h8,10,4
283,known_visit,PI,ideal,1.0,19,361,4,10,pi_h8_ideal,known_visit_10target_300.csv,"(15,3);(6,2);(12,10);(9,17);(14,15);(3,6);(6,1);(13,5);(4,11);(15,0)",10,True,62.32736864537243,62.32736864537243,00:4;01:0;02:6;03:0,"(0,0);(0,6);(0,12);(0,18)","(9,17);(1,6);(13,5);(0,18)",411,0,known_visit_horizon,commitment_horizon,8,h8,10,4
284,known_visit,PI,ideal,1.0,19,361,4,10,pi_h8_ideal,known_visit_10target_300.csv,"(6,1);(5,16);(16,10);(11,3);(4,15);(2,8);(1,11);(0,11);(16,14);(10,1)",10,True,50.94220047774923,50.94220047774923,00:5;01:3;02:2;03:0,"(0,0);(0,6);(0,12);(0,18)","(16,14);(5,16);(1,11);(1,18)",350,0,known_visit_horizon,commitment_horizon,8,h8,10,4
285,known_visit,PI,ideal,1.0,19,361,4,10,pi_h8_ideal,known_visit_10target_300.csv,"(3,12);(14,14);(18,3);(5,15);(9,3);(9,17);(12,5);(0,16);(11,4);(8,2)",10,True,78.99491668602451,78.99491668602451,00:0;01:5;02:4;03:1,"(0,0);(0,6);(0,12);(0,18)","(0,0);(14,14);(18,3);(0,16)",528,0,known_visit_horizon,commitment_horizon,8,h8,10,4
286,known_visit,PI,ideal,1.0,19,361,4,10,pi_h8_ideal,known_visit_10target_300.csv,"(13,15);(15,12);(16,7);(6,7);(17,6);(14,5);(18,10);(12,18);(5,0);(5,17)",10,True,60.13562326447675,60.13562326447675,00:6;01:1;02:0;03:3,"(0,0);(0,6);(0,12);(0,18)","(15,12);(6,7);(5,12);(13,15)",400,0,known_visit_horizon,commitment_horizon,8,h8,10,4
287,known_visit,PI,ideal,1.0,19,361,4,10,pi_h8_ideal,known_visit_10target_300.csv,"(8,1);(5,14);(17,1);(6,0);(7,17);(14,7);(4,4);(16,3);(15,13);(12,3)",10,True,46.02360273069046,46.02360273069046,00:5;01:1;02:1;03:3,"(0,0);(0,6);(0,12);(0,18)","(17,1);(4,4);(5,14);(14,7)",286,0,known_visit_horizon,commitment_horizon,8,h8,10,4
288,known_visit,PI,ideal,1.0,19,361,4,10,pi_h8_ideal,known_visit_10target_300.csv,"(2,3);(1,9);(4,0);(15,8);(18,3);(0,9);(14,15);(14,1);(7,2);(2,10)",10,True,71.37544328817512,71.37544328817512,00:3;01:3;02:4;03:0,"(0,0);(0,6);(0,12);(0,18)","(2,3);(2,10);(18,3);(1,17)",487,0,known_visit_horizon,commitment_horizon,8,h8,10,4
289,known_visit,PI,ideal,1.0,19,361,4,10,pi_h8_ideal,known_visit_10target_300.csv,"(12,5);(17,6);(5,12);(0,9);(11,18);(4,13);(15,12);(11,14);(6,14);(6,2)",10,True,88.4204861513695,88.4204861513695,00:1;01:8;02:1;03:0,"(0,0);(0,6);(0,12);(0,18)","(6,2);(4,13);(0,9);(3,18)",624,0,known_visit_horizon,commitment_horizon,8,h8,10,4
290,known_visit,PI,ideal,1.0,19,361,4,10,pi_h8_ideal,known_visit_10target_300.csv,"(4,2);(11,8);(17,11);(8,10);(18,10);(14,14);(1,13);(0,15);(11,11);(2,14)",10,True,72.66128134265429,72.66128134265429,00:7;01:0;02:2;03:1,"(0,0);(0,6);(0,12);(0,18)","(18,10);(1,7);(2,14);(0,15)",521,0,known_visit_horizon,commitment_horizon,8,h8,10,4
291,known_visit,PI,ideal,1.0,19,361,4,10,pi_h8_ideal,known_visit_10target_300.csv,"(0,2);(18,5);(17,3);(9,17);(16,10);(17,13);(10,8);(0,4);(18,1);(4,4)",10,True,67.99337916581656,67.99337916581656,00:3;01:1;02:0;03:6,"(0,0);(0,6);(0,12);(0,18)","(4,4);(10,8);(1,10);(18,1)",465,0,known_visit_horizon,commitment_horizon,8,h8,10,4
292,known_visit,PI,ideal,1.0,19,361,4,10,pi_h8_ideal,known_visit_10target_300.csv,"(18,0);(8,10);(10,17);(7,15);(3,3);(2,18);(16,1);(5,14);(6,7);(4,8)",10,True,68.03029273792508,68.03029273792508,00:7;01:2;02:0;03:1,"(0,0);(0,6);(0,12);(0,18)","(5,14);(18,0);(2,12);(3,18)",457,0,known_visit_horizon,commitment_horizon,8,h8,10,4
293,known_visit,PI,ideal,1.0,19,361,4,10,pi_h8_ideal,known_visit_10target_300.csv,"(11,9);(2,18);(0,13);(17,10);(1,16);(13,8);(4,18);(17,16);(13,12);(18,13)",10,True,77.86622989675946,77.86622989675946,00:6;01:0;02:1;03:3,"(0,0);(0,6);(0,12);(0,18)","(17,16);(1,6);(0,13);(11,14)",543,0,known_visit_horizon,commitment_horizon,8,h8,10,4
294,known_visit,PI,ideal,1.0,19,361,4,10,pi_h8_ideal,known_visit_10target_300.csv,"(7,9);(6,6);(13,13);(1,1);(8,10);(18,9);(6,9);(18,13);(4,0);(15,6)",10,True,52.41785877138564,52.41785877138564,00:6;01:0;02:4;03:0,"(0,0);(0,6);(0,12);(0,18)","(8,10);(1,5);(15,6);(0,17)",355,0,known_visit_horizon,commitment_horizon,8,h8,10,4
295,known_visit,PI,ideal,1.0,19,361,4,10,pi_h8_ideal,known_visit_10target_300.csv,"(12,15);(2,2);(18,12);(0,3);(0,10);(15,11);(15,16);(12,6);(16,14);(13,0)",10,True,76.24724429661713,76.24724429661713,00:7;01:3;02:0;03:0,"(0,0);(0,6);(0,12);(0,18)","(18,12);(12,6);(0,11);(1,18)",514,0,known_visit_horizon,commitment_horizon,8,h8,10,4
296,known_visit,PI,ideal,1.0,19,361,4,10,pi_h8_ideal,known_visit_10target_300.csv,"(2,14);(15,13);(1,3);(2,1);(9,15);(14,9);(18,9);(17,4);(5,9);(6,7)",10,True,67.69277236959685,67.69277236959685,00:2;01:6;02:2;03:0,"(0,0);(0,6);(0,12);(0,18)","(1,3);(17,4);(9,15);(2,17)",468,0,known_visit_horizon,commitment_horizon,8,h8,10,4
297,known_visit,PI,ideal,1.0,19,361,4,10,pi_h8_ideal,known_visit_10target_300.csv,"(4,13);(3,13);(7,11);(1,0);(11,17);(8,6);(15,17);(0,13);(7,9);(11,18)",10,True,61.97692497491224,61.97692497491224,00:7;01:2;02:1;03:0,"(0,0);(0,6);(0,12);(0,18)","(15,17);(4,13);(0,13);(0,17)",436,0,known_visit_horizon,commitment_horizon,8,h8,10,4
298,known_visit,PI,ideal,1.0,19,361,4,10,pi_h8_ideal,known_visit_10target_300.csv,"(7,4);(4,1);(1,13);(6,14);(17,17);(9,4);(9,10);(18,18);(16,7);(12,18)",10,True,49.99288473646102,49.99288473646102,00:5;01:0;02:5;03:0,"(0,0);(0,6);(0,12);(0,18)","(16,7);(0,6);(18,18);(0,18)",331,0,known_visit_horizon,commitment_horizon,8,h8,10,4
299,known_visit,PI,ideal,1.0,19,361,4,10,pi_h8_ideal,known_visit_10target_300.csv,"(15,15);(3,13);(15,5);(14,0);(7,12);(18,16);(6,16);(5,18);(13,4);(12,16)",10,True,76.24093974257937,76.24093974257937,00:6;01:1;02:1;03:2,"(0,0);(0,6);(0,12);(0,18)","(18,16);(3,13);(7,12);(6,16)",522,0,known_visit_horizon,commitment_horizon,8,h8,10,4
